Cell-Cell contact name,Contact mean value,Normality test P-value,Contact Time Point,Relative Contact Area
MSpapp->MSpapap,4504.98232732,0.632980543708,6.14285714286,0.236824831711
Eala->Eara,1863.53589599,0.799881509351,37.3626373626,0.105441475743
ABalpaap->ABplaaaa,2683.73023658,0.408607205403,16.1208791209,0.106194948046
ABprapa->ABarppp,8638.91935141,0.726204654952,17.4285714286,0.196475772219
ABalpapapa->ABalpapaap,1812.62825399,0.0106300343904,14.2857142857,0.14629936264
Cppa->Cpppp,4535.39787537,0.849679808284,6.12087912088,0.235654989893
ABalaaapp->ABalaapaa,1982.97425191,0.1335744496,25.4065934066,0.121176730505
ABprpaap->ABprappa,2336.27498622,0.28184147972,8.6043956044,0.110603764874
ABprppapap->ABprppappa,2354.38381597,0.421452135774,9.7032967033,0.194609694345
ABprappapa->ABprappaap,1730.14665321,0.229131478082,11.5604395604,0.141762878831
ABpraapa->ABprpaaa,3248.10905125,0.586381063044,21.7472527473,0.119392788231
ABprpappp->MSpappp,1476.83369339,0.187053668755,14.2857142857,0.103379297646
ABalapa->ABplaaa,7266.97121649,0.466744860555,18.7142857143,0.165617111431
ABalpaa->ABplaaa,4939.30953011,0.0867763100691,17.3846153846,0.114730026013
ABplppapa->ABplpaappp,2110.43091764,0.00150130460913,5.52747252747,0.143309248124
Dpp->ABprppppp,1837.03870196,0.982079063495,8.81318681319,0.139084426319
ABplapapap->ABplappapp,1892.10752713,0.792827190111,14.3736263736,0.152056130374
ABplpapppp->ABprpapppp,1610.15205836,0.129075839408,14.2087912088,0.132782468087
ABplpppaa->ABplppaap,1453.33881845,0.865178027638,18.3406593407,0.104836421958
ABalaaaal->ABalpaapaa,2377.1619989,0.00362984136107,12.3956043956,0.158294244628
ABarpaa->ABarppa,4938.92274147,0.408093642655,16.8351648352,0.113450841811
Capaa->Daap,1919.08577512,0.563409043931,21.2747252747,0.14047565107
ABarppp->Caaa,5255.70711719,0.000275845895543,4.6043956044,0.137025776917
Cap->Cpp,6045.45955509,0.432144572081,21.5384615385,0.128736264634
ABarppapp->Caaaap,2845.28843954,0.18910721218,11.8351648352,0.209628451002
MSpppap->ABprpapaap,1380.36564084,0.131358895467,12.7582417582,0.114480280805
MSap->MSpa,7119.68205357,0.119039899127,16.1868131868,0.124595593657
ABprppppa->ABprpppap,1168.05734601,0.00500314958822,17.1978021978,0.0837826643772
ABprppppa->ABprpppaa,2455.29623176,0.976102055638,30.8461538462,0.137657161285
Cpaa->ABprapap,4416.46905446,0.0792985506456,19.5384615385,0.149404411023
ABalaa->ABalpa,10082.9257315,0.686139641767,16.7472527473,0.146351923775
ABalaa->ABaraa,9567.79519938,0.525411849746,16.8681318681,0.139498406312
ABpraaapap->ABpraapaap,1267.02737886,0.308722293112,11.7582417582,0.107951421093
ABalpappap->ABalpapppp,1278.94291883,0.12174728109,18.032967033,0.0994760489309
ABalpapa->ABalpaap,2930.83105373,0.923355820304,20.6373626374,0.106070105974
ABprappapp->ABprappaap,1522.54772617,7.31327243977e-05,10.956043956,0.128208289546
ABarpp->ABpraa,10035.8488736,0.0719805908888,16.7362637363,0.146350191142
ABplaapaa->ABplaaaaa,2248.3514926,0.811877065583,30.989010989,0.129888461893
ABplaapaa->ABplaaaap,1475.71629842,0.0423445813419,21.6703296703,0.102035339193
MSpapap->ABarapappp,1621.55053779,0.0106197290722,10.7142857143,0.111818628512
ABplpappaa->ABplpapapa,1785.53195598,0.563225242109,15.7692307692,0.14070130352
ABarpap->ABplapa,3829.66276751,0.970097205108,15.043956044,0.0929323407146
Cpaa->ABarpppp,5253.73123045,0.00426311248708,17.8351648352,0.182003168597
Dp->ABprpppp,6302.33242805,0.747437724035,16.5934065934,0.214411174424
Cpppa->Dppp,2632.67024836,0.0905588678155,17.8791208791,0.172906895857
ABplapapp->ABplappap,2423.36324719,0.886912421672,27.7802197802,0.133473291319
ABalpaa->ABalaap,4103.28644007,0.942912578516,15.4065934066,0.10335002198
ABprpppa->ABprppap,4116.65758418,0.0510886831618,23.2087912088,0.147013637077
ABarpaapp->ABarppaaa,4009.95820147,0.510012627253,26.2197802198,0.220838186825
ABarpappp->ABpraapap,2195.40918394,0.256494389549,28.4945054945,0.128435249505
ABaraappp->MSpapaa,2018.64899355,0.807230007501,24.032967033,0.116446582048
ABprppppaa->ABprpppaaa,1621.77532243,7.00936187359e-05,13.5274725275,0.13260697125
MSpppaa->ABaraapppp,1367.48937374,0.205956690491,16.1648351648,0.110692744534
Epla->ABarppapa,1998.4177687,0.441061649569,26.1318681319,0.134597494772
Epla->ABarppapp,1248.79778657,0.0312087456831,14.2197802198,0.112187857235
Epla->ABarppaap,2479.69762519,0.0021936437218,25.7142857143,0.166381054905
MSpap->MSppp,4812.56396241,0.534078102314,17.5604395604,0.127835744326
MSpap->MSapp,4428.34076367,0.174804048178,16.5054945055,0.122083624313
MSpap->MSppa,3072.42211222,0.470440511637,14.0659340659,0.0951330374309
MSapa->ABalpppp,3171.61824878,0.921744836971,9.06593406593,0.106000488384
MSapa->ABalpapp,4284.52426158,0.0277831704568,9.38461538462,0.142341405691
MSp->ABarap,10031.2734602,0.839449078951,6.6043956044,0.138889629528
Cp->D,11942.2937027,0.00146870860001,11.5494505495,0.168276736189
Cp->ABprap,12400.5809294,0.00122671415945,11.6923076923,0.17513454581
Eplaa->ABarppaapa,2011.07658206,0.411792546278,7.92307692308,0.169172706555
ABprapapp->ABprapppa,2336.77937144,0.849794808298,26.3186813187,0.13492716301
ABplaapa->ABplaaap,3686.46898028,0.705882475035,23.3626373626,0.129632578686
Z2->MSpappp,1921.64618711,0.900598127812,32.8571428571,0.129536569417
ABalapapp->ABplaaaap,1486.71762214,0.526002705187,23.3626373626,0.0989411939339
ABprpapaa->MSpppap,1168.06694621,0.781501083057,11.7142857143,0.0954413879355
ABalpapppp->ABplpappaa,1686.41276241,0.328131232746,20.6153846154,0.125740738994
Cppa->ABprppppp,4020.365061,0.0629305563354,9.81318681319,0.201957377298
ABplpppppp->ABplpppapp,1877.51637815,0.157853285088,13.6153846154,0.152502918507
ABplpapa->ABplppaa,2120.12976758,0.356020964496,16.8901098901,0.086818083558
Cppp->Dpp,3513.39533067,0.0343264086434,10.1648351648,0.146381983727
ABpl->EMS,19054.9686813,0.0434412674059,2.30769230769,0.106066627429
ABpl->MS,20763.0703811,0.806691932052,7.48351648352,0.139236859
ABpl->P2,12846.9831941,0.227895800047,4.03296703297,0.076305806478
ABaraapapa->MSaaapaa,1030.1856206,0.410528053917,11.3296703297,0.0912025325594
ABplpppaaa->ABplppappa,1286.07431709,0.0379839877483,9.50549450549,0.110418461906
ABplpaaa->ABplpapa,2458.61906445,0.941738405207,16.6373626374,0.101101063252
ABalpappa->ABalpapap,3200.51562636,0.00134577787139,28.5714285714,0.169649333965
ABprpapap->ABprppaaa,1439.10284094,0.524105749464,15.9340659341,0.101671762021
ABplpapaap->ABplppaapa,1205.22895802,0.734387189997,7.32967032967,0.110028545923
ABprpappp->ABprppaap,1669.18046331,0.146485662117,13.4725274725,0.110106645285
MSaaap->MSpaaa,2181.89944976,0.626332432793,16.967032967,0.0974715451459
ABplppppp->Capaa,3228.746993,0.679474858203,21.2197802198,0.184940475725
ABplppppp->Capap,2615.19617205,0.109145186478,17.8791208791,0.166486211385
MSappp->MSapapp,2703.37936023,0.457096356326,6.97802197802,0.148464567323
Dapa->MSapppp,1118.80647055,0.0279546464914,16.1208791209,0.100624382825
MSpaap->Eala,1985.99606733,0.00718996192932,12.5164835165,0.0982440347924
Dp->Z2,5598.8708984,0.0193211746011,9.35164835165,0.195867734131
ABplppapap->ABplppappa,2406.88452046,0.000214766210843,10.5824175824,0.198385511076
ABarpaappa->ABarpaapap,3282.89997241,0.382669356501,19.1978021978,0.248613004097
ABarapapa->ABarapaap,2739.8665103,0.0410999341845,29.1208791209,0.148593052758
ABplapa->ABarppa,6466.84058533,0.71378974849,17.0659340659,0.147310938027
ABalpaapa->ABalppaaa,1710.14363949,0.77987145111,15.4505494505,0.107939456781
ABprpaaap->ABprppaaa,1368.587483,0.18922809826,16.7252747253,0.0976420949648
ABprapapaa->ABprappapa,1966.94025483,0.589603782982,12.2087912088,0.159583907699
Ealpp->Eplaa,2344.71230809,3.92334215293e-05,8.26373626374,0.194879222291
ABarapapp->MSpapaa,2510.4628424,0.000165520756268,22.3076923077,0.138499760959
ABplpaaap->ABplppaaa,1690.06379915,0.236421120651,22.7692307692,0.107121774812
MSa->ABalpa,11064.0214288,0.200032089247,6.48351648352,0.153012474861
MSa->ABalpp,8614.7287793,0.28471733171,6.48351648352,0.119316328782
MSa->ABaraa,8465.20648179,0.0781726359313,6.3956043956,0.11812065237
ABplppppap->ABplpppppa,1671.22651579,0.533427247056,15.3736263736,0.132949037415
ABalpaapa->ABalaaaal,3233.86429738,7.5139103191e-10,20.6153846154,0.180144361563
ABarpapa->ABpraaaa,3216.92177557,0.6286854968,18.5714285714,0.128346906418
ABarpapa->ABpraaap,2633.51570675,0.787426587272,10.6593406593,0.126131222231
ABplpppap->ABplppapp,1432.61176842,0.793018584929,19.4395604396,0.0970194975987
ABplpppap->ABplapppp,2423.77614093,0.541504844548,30.8681318681,0.142738377114
ABplpppap->ABplapppa,1817.74410496,0.962497374181,29.2197802198,0.109168868692
MSpppp->MSppapp,2568.43477673,8.24999857613e-07,6.1978021978,0.141773843967
ABarapappp->MSpapapa,1619.99480963,0.00357985979313,10.3516483516,0.133476640325
ABprpppap->ABprapppp,2715.38755957,0.348003529709,30.7362637363,0.160605147167
ABprpppap->ABprapppa,1999.44113716,0.515384320674,30.5274725275,0.117281092372
Eprp->Cpaap,2113.92274532,0.480239429895,27.021978022,0.125573043088
Eprp->Dpp,2320.37648076,0.87748611411,24.3406593407,0.132812313754
Cpaaaa->ABarpppapa,2099.26199142,0.108218209779,12.7362637363,0.171612994771
Ealap->Ealpa,2150.01850931,0.591469692927,11.4505494505,0.175617273909
Ealap->Ealpp,1715.84590562,0.0232827448326,10.7252747253,0.14263614526
ABplapapaa->ABplappapa,2037.6387419,0.0356420031029,14.2747252747,0.162993364681
ABalappaa->ABarpaaaa,1654.08636964,0.633766370582,24.043956044,0.108990626569
ABalpp->ABplaa,9370.63560639,0.699933081121,16.5714285714,0.135561882788
ABalpp->ABplpa,10422.3882698,0.0792077881486,16.956043956,0.151929090885
Capp->Eplp,2680.36523365,0.0471255147208,11.7692307692,0.117626542205
Capp->Dap,2596.60898207,0.798026459135,12.2087912088,0.118084172358
ABprpapp->ABprppap,2849.8415221,0.875414162425,16.3846153846,0.117884692907
ABprpapp->ABprppaa,2521.09070735,0.799114694727,17.3516483516,0.0994921652845
ABprpapp->ABprpppa,2632.5417345,0.372897704726,11.2857142857,0.119357350114
ABprppppap->ABprpppaap,1537.64602994,6.10922208649e-08,13.8351648352,0.124441586707
Ca->ABplap,10044.6030939,0.0445711574112,11.7362637363,0.143638744422
Ca->ABplpp,9572.10352654,0.186434589362,11.6483516484,0.135171149538
Ca->ABarpp,10637.8651952,0.102301606962,11.7582417582,0.150418716795
ABalpappp->ABalppapp,1434.96943392,0.305284144624,12.6703296703,0.108975231912
ABalpa->ABplaa,5886.06682862,0.00488382049917,13.4065934066,0.0966142365051
ABplpaappa->ABplpaapap,1851.74730268,3.47240794044e-11,15.7692307692,0.145826922703
ABalpapa->MSaaaa,3067.28429085,0.363026755267,13.3516483516,0.127780104755
C->P3,20380.667686,0.35808714067,12.1318681319,0.16102716842
C->ABpra,13664.9326535,0.411429977286,6.6043956044,0.125401733532
C->ABplp,8978.02404362,0.0225860159617,5.56043956044,0.0905059462172
C->ABarp,13591.5316372,0.713350222305,6.59340659341,0.124362828013
C->ABprp,14684.8207541,0.375528870494,6.68131868132,0.132625115733
ABalaaappr->MSpaaaaa,1031.93844062,0.456712507801,11.0,0.0914506085594
Cpp->ABprppp,4932.43178452,0.545125980935,15.956043956,0.113625543663
Dpp->Cpppa,1319.01277944,0.865879679443,12.8791208791,0.0878734053624
MSpppp->ABprppapa,1854.30242775,0.820060364357,13.0879120879,0.10427684972
ABarappap->ABarapppp,1902.38953363,0.000190244274166,26.967032967,0.110974701977
MSppppp->Dppa,1141.47715698,0.0354320343271,17.1758241758,0.0997797977219
ABprapa->ABprpaa,4425.52534037,1.07705842559e-07,17.6263736264,0.10135382169
Daa->ABplppppp,1843.73274403,0.356270603632,11.9340659341,0.123570997559
Daa->ABplppppa,1760.5560212,0.228875386532,20.7362637363,0.104277759105
MSpapap->MSpappa,2809.33418469,0.391404701921,28.2087912088,0.165946057402
MSaap->MSapa,6636.46884617,0.0603260555497,18.5274725275,0.175616869416
Cpppa->ABprapppa,908.82157704,7.8387201622e-10,14.6043956044,0.0944467223341
Cpppa->ABprapppp,3088.82403468,0.253373881707,31.2087912088,0.190134845282
ABarpapaap->ABarpapapa,2047.59478042,0.0583615307997,13.9230769231,0.163603106269
ABpraapppp->ABprppapap,1262.76936226,0.407925756065,10.4505494505,0.111459849207
Eprp->ABarppppp,2330.27154539,0.000106888975557,35.3846153846,0.141411106448
ABprapappa->ABprapapap,2529.25346615,2.40477179253e-07,16.4505494505,0.196050162778
ABalapa->ABarpaa,6182.12054354,0.112800491036,17.8241758242,0.140929379931
ABplpppaap->ABplpppapa,2059.74755598,0.718963556415,13.9340659341,0.16441654136
Da->MSappp,4269.05681829,0.160230396155,6.30769230769,0.154402773582
ABplpapp->ABplppap,2482.10397947,0.862589786429,15.5164835165,0.102952932796
ABalppappa->ABalpapapa,1310.58313801,0.176981888715,13.4505494505,0.11203811523
ABalpppaa->ABplaaaaa,1232.84928091,0.251710548556,13.5054945055,0.0920788954162
ABpraaaa->ABpraaapa,3041.89188396,0.372401275886,3.45054945055,0.14209460617
D->ABprpp,8635.36270278,1.1561215003e-05,17.1538461538,0.127312248692
D->P4,9275.35018681,0.303386061456,23.8241758242,0.150210215903
Cpaaa->ABarppppp,3260.76788524,0.0146559215776,26.032967033,0.183368956167
Cpaaa->ABarppppa,2620.46615742,0.217900022343,24.5384615385,0.152647239756
Ep->Ca,5990.87050357,0.0325128325428,13.4285714286,0.0837745139135
ABalap->ABaraa,8088.46388446,1.6632916067e-06,16.3956043956,0.118682711745
ABara->MSa,10520.5900667,0.114414862809,7.35164835165,0.105847332487
ABaraaaap->ABaraappaa,1280.27849973,0.483715905286,14.5714285714,0.0980935657101
ABprapaaa->ABpraapppa,2080.07847908,0.115900750666,5.36263736264,0.140331634363
Ealp->Epla,2869.35287708,0.438979255251,41.978021978,0.155152602439
Ea->MSpa,6709.75456303,0.923967559997,11.6813186813,0.130346512113
ABarapp->MSpaa,5091.72289361,0.513372897495,12.6703296703,0.121692187591
MSappp->ABplppapa,2206.99318177,0.417309543701,14.6813186813,0.119973414228
P3->Cp,15442.4021868,0.0364158546292,4.71428571429,0.159565841946
P3->Ep,16972.332913,0.746582176322,6.98901098901,0.172371736345
ABplappap->ABplapppa,2814.98354582,0.70791615381,32.7142857143,0.157890974443
ABarappppp->ABarappapa,1653.37356224,0.0409357027104,14.978021978,0.134017077648
ABpraaapp->MSppapa,1477.50374415,0.178767873457,13.8681318681,0.0909080093973
Epla->Caaaaa,1884.26526912,0.158499971064,8.38461538462,0.14255118506
Cap->Cpa,5294.82202633,0.693678083525,18.6703296703,0.109280533403
Dpa->Dppa,2627.12045578,0.902416335788,3.82417582418,0.149628916823
Dapa->Daap,2228.49341088,0.402261298576,23.0549450549,0.163037788966
Dapa->Daaa,1574.94803629,0.117014804677,21.3846153846,0.116407780862
ABarapaaa->ABaraaapap,1771.51878599,0.102233038502,8.62637362637,0.123334728056
Caaapp->Cpaapp,2075.25703554,0.578072236161,17.6703296703,0.162683944032
MSapap->MSappa,3615.695545,0.172322361309,25.9340659341,0.147726432241
ABarpppa->ABprapaa,3728.5192945,0.148411722127,22.010989011,0.143432610624
Cpapp->ABprapppp,1447.96052086,0.308467337516,16.7582417582,0.108676404517
Eal->Epl,3501.06880764,0.865759149135,25.8351648352,0.104464715487
ABprapaap->ABpraapppp,2418.85561022,0.0183842401167,9.1978021978,0.16879585158
ABarapapp->ABarappap,2096.96230705,0.899959058417,22.1868131868,0.124796946493
ABprapap->ABprappa,5305.21080752,0.0715602542696,22.978021978,0.184473084324
MSapp->ABplpapp,5472.83016841,0.339102977462,10.0549450549,0.179137253978
ABarapp->MSppa,5822.05583195,0.0625079513688,11.5164835165,0.139333155934
Ear->MSpap,3605.0187784,0.0591654791963,17.5714285714,0.0990329070583
MSpappa->ABprpappap,1572.91845185,0.799744241464,17.3516483516,0.1234721941
ABarpapppp->ABarpppaaa,1841.92056882,0.386973773391,8.24175824176,0.156586631447
ABalpaapaa->ABaraapaaa,1360.81028299,0.799005293914,14.4285714286,0.109507677037
ABarpapp->ABpraaap,3448.58964481,0.581358357017,21.4065934066,0.127103425057
MSp->ABprpa,11679.8954579,8.69526996167e-05,6.34065934066,0.16171929109
Eplp->Dapp,2364.78985246,0.740982328877,16.2087912088,0.161903343611
ABplaappa->ABalppppp,2422.84146099,0.564740287762,27.0659340659,0.133221082185
Dap->ABplppppp,1962.74169863,0.934887277039,8.64835164835,0.145128703549
ABplpappa->MSaappa,2211.43246314,0.0734162062195,14.6483516484,0.13012553803
ABprpapap->ABprppaap,1907.91118072,0.443252894675,21.032967033,0.130173465093
ABaraapaa->ABaraaaap,2063.28903108,0.571033105654,28.7142857143,0.116048798107
MSaaap->MSaapa,3319.95484692,0.259913987373,17.021978022,0.147174810431
MSaaap->MSpaap,1478.6118846,0.248399429501,10.5054945055,0.0954240335887
ABarapaaa->ABaraaapp,1458.16462168,0.00524427141509,23.4175824176,0.0940056614855
ABarapaaa->ABaraaapa,2137.70241432,0.234348111673,26.9450549451,0.118408494684
ABplpppaa->ABplppapa,1791.22882786,0.117621306959,26.1538461538,0.11051478668
ABpraapap->ABprapaaa,1729.4101311,0.0866042913512,18.9230769231,0.121640166314
ABarpapaa->ABalaappp,1198.97936576,0.150224889218,15.2967032967,0.0935147271054
ABprpapa->ABprppaa,1910.36826566,0.0394821309527,13.4175824176,0.0899469752864
ABprpppaa->ABprppapp,2527.42319988,0.236433183199,32.032967033,0.145563163026
Dppa->Dpaa,1791.86003576,0.479395129218,22.2417582418,0.131932140884
Dppa->Dpap,2025.27810999,0.00940997135375,21.8461538462,0.152378771442
ABala->ABara,17979.3027796,0.55324528299,11.1758241758,0.172141725819
ABala->ABpla,15622.8196008,0.0334303374375,10.9450549451,0.149300633044
ABplppaaa->ABplpaappp,1483.76465947,0.00749831667934,11.1648351648,0.113747832706
ABara->ABpra,8477.1839166,0.170246216656,10.2087912088,0.0827520465743
Ea->P4,3677.51923287,0.0330260046005,10.1318681319,0.0847760890663
Ea->Caa,4670.26157238,0.332865419692,7.37362637363,0.0879929457547
Ea->MSpp,11573.4284279,0.357288704924,14.1648351648,0.18563118476
ABpraappp->ABprapapa,1670.37674517,0.588899697923,9.40659340659,0.111575554836
ABarppapa->ABplapapaa,2699.52440984,0.478891629053,10.9340659341,0.199462587243
Cpaap->Cpapa,4184.22229539,0.283477832118,32.6813186813,0.214869210002
Cpaap->Caaap,2604.83552029,0.230596809607,24.3626373626,0.161806741769
Capaa->ABplppppap,1057.43383621,0.827057188395,13.0989010989,0.0956588551848
Epr->ABarpppp,4325.18347943,0.012758223168,16.8791208791,0.150960321922
ABalaaaa->ABalaaapa,3280.90238435,0.280409184026,3.92307692308,0.160944022391
Dap->Dpp,3936.17924756,0.678380829913,19.7912087912,0.203174951156
ABarppap->Caaaa,4710.0251669,0.411576891518,7.31868131868,0.20712124938
ABplappp->ABplppap,2922.64756064,0.304620916964,15.8131868132,0.129771380478
MSpa->ABaraap,5349.52188149,4.63016995606e-05,6.06593406593,0.114027049012
ABalpappap->ABalpapppa,1347.37956834,0.0189852701315,19.9450549451,0.101490893111
MSpapp->Z2,3838.17600915,0.307160334105,24.5384615385,0.169510916311
ABalpapa->ABalppaa,2404.54204697,0.958896200824,17.8461538462,0.0969705871901
MSaapap->ABalpapppp,1650.7782517,0.658509965762,13.2417582418,0.111739209475
MSaaapap->MSaaaapp,1494.37042925,0.0112295170182,12.043956044,0.122064666811
ABprpaaaa->ABpraaaap,2472.65774146,0.0816398839891,27.8021978022,0.140446794522
ABalpppap->ABalpppppa,2104.91695002,0.140152865632,5.78021978022,0.127386563577
MSaaap->MSapaa,2491.39109951,0.827229574225,17.6923076923,0.113843135893
Caapp->ABplapppp,1166.3234047,0.0177564088391,15.978021978,0.0972018567013
Daa->Dapa,3119.75153537,0.0191506257021,3.95604395604,0.175858924025
Daa->MSapppp,1881.35835989,0.525111286683,7.51648351648,0.109377135993
P4->ABplppp,3139.10928206,0.00952456149039,8.6043956044,0.115344114175
ABplpapapa->ABplppaapa,1708.33285735,0.0209572069033,8.72527472527,0.143913788135
MSpapapp->MSaapapp,1348.61005498,0.221612417844,7.73626373626,0.11616723486
ABalaaaal->ABalpaappa,1974.43965433,0.190648815029,5.86813186813,0.151499708966
E->P3,20704.1299412,0.479928249183,9.85714285714,0.156183994102
E->ABplp,17845.2304762,0.0353830792138,4.40659340659,0.155901942473
ABpraappa->ABprapaaa,1894.64017133,0.668576096915,28.1428571429,0.117917016191
ABpraappa->ABpraapap,2530.39192064,0.128914524332,32.8021978022,0.140782665903
ABpraappp->ABprapaaa,1657.48176945,0.400869037119,22.5274725275,0.103470285108
ABplaapppa->ABplaappap,2327.36073541,0.963136874798,16.2417582418,0.182179909489
ABarappaa->ABarapppa,2530.10061698,0.0181365786884,30.3956043956,0.146672571825
ABarpaap->ABalapap,2960.17150841,0.36043906483,17.9340659341,0.113380222502
P2->E,34379.6382784,2.235286968e-08,2.14285714286,0.21108753969
ABarapapap->ABarappaap,1202.08635697,0.958347605966,9.65934065934,0.106647240342
ABaraap->ABalaap,3444.94787912,0.10362423851,14.5934065934,0.0872244534831
ABpraaappp->ABpraapapp,1081.06942485,0.998078519853,12.7802197802,0.0950212294474
ABarpap->ABpraaa,3050.9512626,0.00196451934862,14.4505494505,0.0757290097043
ABarpap->ABarppa,3770.71057325,0.0255297546457,16.8791208791,0.0890615439737
ABpraaapp->ABpraaaap,1827.50363376,0.00831192441817,21.7032967033,0.109924104515
ABalppaa->ABalpaapp,2052.01738599,6.32633973797e-05,5.79120879121,0.107714055763
ABalppaa->ABalppapa,2565.11054269,0.728639057327,5.40659340659,0.124371786475
ABprpaa->MSppa,4119.79868908,0.367653744091,10.7692307692,0.10358887413
MSpapa->MSaapp,3446.95047391,0.277031555529,20.8681318681,0.137485632922
ABarappaa->ABarapapaa,1531.96686664,0.273961294057,6.89010989011,0.109111334026
ABprapaapp->ABprappapa,2211.95641246,5.56614904901e-07,9.2967032967,0.182074082998
ABprapp->ABprppa,8042.12845389,0.659312575085,18.4175824176,0.183765407343
ABprapp->Epr,4427.63754838,0.0050826655397,13.4065934066,0.106691752104
MSaapap->MSaapaap,1727.06211035,0.827277421589,7.21978021978,0.125775736294
ABarpaapp->ABarpppaa,3462.38409057,0.0221358145039,25.8791208791,0.194057432546
MSaappp->Daap,2185.85313604,0.193517507289,23.043956044,0.162610816421
ABplapaa->ABplaaap,4716.0192427,0.000378004317329,24.0659340659,0.165643713583
Z2->Dap,2234.08435941,0.14479619125,25.6813186813,0.119370215524
Z2->Daa,2580.22574299,0.377607586555,27.2967032967,0.137944009972
Z2->Dpp,2430.18061521,0.357082729906,27.1428571429,0.13015600938
Z2->Dpa,2993.58042032,0.978573444224,31.4285714286,0.151191026004
Capaa->Dapp,1521.44819997,0.424107411984,21.6153846154,0.11827722338
ABarpapapp->ABarpappap,1926.30260063,0.868352919225,10.2307692308,0.159214554213
ABalpaapp->MSapaaa,1871.96030669,9.94665477818e-05,20.9450549451,0.110786956877
ABarpaapaa->ABplaaaapp,1543.93882726,0.029388706939,14.010989011,0.124609261883
ABalaapppa->ABalaappap,1088.58329949,0.748653175604,7.54945054945,0.0990063082538
ABalaaapa->MSaaaaa,1228.88316272,0.000573567623713,21.8461538462,0.0792382596579
Cp->ABprpp,8123.66949149,0.0766000101189,10.9230769231,0.118183415014
ABprpppaap->ABprpppapa,1909.88525474,0.0622773772197,13.5164835165,0.152904796816
MSapa->ABplpapa,3918.99709399,0.902574032405,9.48351648352,0.1299669687
ABprapaa->ABprapapa,3716.53565071,0.968734815007,3.17582417582,0.160066455825
ABalppaaa->MSapaaa,1139.35520998,0.0660728620817,23.7912087912,0.0808715682261
MSapppp->Daaa,2005.99134937,0.105611500461,23.1428571429,0.146236916701
ABprpa->MSpp,12526.0689283,0.160697537262,10.9230769231,0.18977488234
Caa->Cpa,5001.98539449,0.0783198690148,16.6923076923,0.115654193578
Cppp->Cpapp,5250.71064231,0.00507163286537,7.91208791209,0.225517753437
MSpapaa->MSaapap,2050.85391613,0.677893846918,26.6153846154,0.118022529878
ABalapp->ABaraap,3549.87955844,0.528894100556,15.7802197802,0.0867314513776
Z2->Cppap,1223.87118559,0.0023022020799,20.5604395604,0.103982930596
Z2->Cppaa,1481.1021706,0.56037872545,26.1208791209,0.122736705951
MSp->Ea,12748.8284749,0.0860748871424,13.4395604396,0.151059930994
ABalpppp->ABplpapa,2178.42811408,0.0264944949693,15.3846153846,0.0895301711514
ABprpaapp->ABpraappa,1951.41980424,0.305197341148,27.3846153846,0.1142899198
ABprpaapp->ABpraappp,2328.89645712,0.499126775835,29.0879120879,0.12772391688
ABplapp->ABplaap,4878.80911291,0.355428379345,17.2307692308,0.112961459552
ABalpappp->MSaapaa,2507.40826114,0.0131738717034,21.8681318681,0.137707628812
Cappa->Capap,1499.12940088,1.74507743612e-11,25.4175824176,0.106939251766
ABprpapppp->ABprpppppa,2097.29849027,0.115420373896,15.1098901099,0.166057540403
MSaa->ABalpap,7840.59473727,0.00487331410009,6.58241758242,0.1635133349
ABalpppp->MSapaa,3314.24139089,0.545986313096,13.0769230769,0.119755918722
MSaapp->MSaapap,3633.13778454,0.389871231473,6.68131868132,0.191549737084
Ealp->MSappap,1422.7909951,0.0796689352438,16.6373626374,0.0975874743517
Caaapp->Cpapaa,2950.97410778,0.132369831289,13.978021978,0.240560762085
ABalpap->ABalaap,2981.55180724,1.1378262976e-08,9.17582417582,0.0948345109267
ABprppaaa->ABprpaaapp,1700.6427053,0.0195847855702,9.97802197802,0.130779705584
ABplpapap->ABplppaap,1725.75509314,0.0819172759064,17.2087912088,0.126643714418
Eplp->Caaapp,1592.71336264,0.0985837341373,14.1318681319,0.125384929915
ABarpaapa->ABplaaapa,1630.75071051,0.517551766641,21.3626373626,0.101369769409
ABarpaapa->ABarpapap,1895.24162357,0.0926007184509,21.9230769231,0.125671583365
ABarpaapa->ABplaaaap,1348.27382871,0.143187331042,11.6703296703,0.102592721251
Capa->ABplappp,4125.43926353,0.0632757975319,24.978021978,0.15280214685
ABalpaapa->ABalpaaaa,1572.16725821,0.939086458582,17.3846153846,0.100725866882
ABaraaaap->MSpaaaa,1557.18615985,0.0182273916811,21.4175824176,0.0992022031807
Caaa->ABarpppp,3620.54994417,0.711041893143,16.956043956,0.136952056405
ABaraapppa->ABaraappap,1391.19992175,0.0762095782789,16.7362637363,0.108555783312
Eplp->Dap,2860.64726801,0.64706983614,26.8791208791,0.147915483776
Eplp->Z2,1272.79287793,0.534432945157,31.4945054945,0.0891974449831
ABplapapp->Cappa,1876.78215183,0.672309569162,17.0659340659,0.11960517883
MSa->ABplpa,8524.7942224,0.363723680407,6.40659340659,0.118195972159
ABplpap->ABplppa,4325.80352583,0.429840430529,17.4395604396,0.100573942903
ABarpapa->ABalaapp,2066.75644039,0.544236701596,12.978021978,0.105582917201
ABarpapa->ABaraaap,2297.602311,0.00982210789822,11.5824175824,0.0942821694853
ABalppppp->ABplpaapa,1814.52865633,0.0147083354885,17.8901098901,0.126744316359
MS->ABprp,10554.6747648,0.821988581965,3.76923076923,0.0921082223934
MS->ABara,12462.0084029,0.796360701089,3.8021978022,0.107697216489
MS->ABplp,19964.2677839,0.780243867929,3.81318681319,0.172931215395
ABarpaapap->ABarpapapp,1834.66259276,0.0093082091296,14.4285714286,0.148082762889
MSappap->Daaa,1718.11414064,0.825916233325,22.7692307692,0.128847179203
ABprppappa->ABprappaaa,1919.2064203,0.837063494398,9.28571428571,0.159444020609
Dppa->ABpraapppp,1043.5482804,0.70743003937,13.5604395604,0.0953003187698
MSpappp->MSaappp,2372.60655119,0.749059661262,20.043956044,0.15739718337
ABarpapaaa->ABpraapaaa,1127.79126928,0.990959453632,10.2417582418,0.099129068521
Cppa->Dpp,3796.80778145,0.0639423565655,16.5934065934,0.175176096869
ABprppppp->ABprpppap,2864.97734586,0.261047628142,31.6373626374,0.164735950648
ABalpp->MSap,6709.23173534,0.116907150891,10.6703296703,0.102513113275
ABalaaaa->ABaraaaa,2886.59453943,0.890578925503,24.989010989,0.111291235543
MSaappa->ABplpappap,1683.26985339,0.431004456954,20.1758241758,0.127656492162
MSpaap->MSpaaap,2006.01160188,0.66846235593,4.47252747253,0.106593907822
ABpraapap->ABpraaappp,2322.34609395,0.645663595103,5.17582417582,0.14679588501
ABalaapa->ABaraaapa,3327.00017373,0.0026046334054,6.56043956044,0.159090948724
ABplpappp->MSaappp,2183.18394409,0.060566038664,19.7362637363,0.130990906996
ABalppa->ABplaap,8001.35813233,0.199324218333,17.7142857143,0.179832087912
ABalpapapp->ABplpapaaa,1634.09989582,0.764688214865,12.3516483516,0.136086924061
ABarppppp->ABprapapap,2047.92103809,0.310902956804,8.54945054945,0.15502713465
ABalpaaa->ABalaaaa,3605.40440059,0.193381786417,25.978021978,0.134277041854
ABplaapp->ABplapap,1983.56128334,0.927955161365,14.2637362637,0.0827476193041
ABplaapp->ABplpaap,3072.6677859,0.506171079187,16.0659340659,0.122211213452
ABplaapp->ABplapaa,4109.68957518,0.115552093913,20.8571428571,0.146552825875
ABplpppp->Daa,4406.04817343,0.000234922724586,7.62637362637,0.168213720088
ABpraapaap->ABpraapapa,1996.40632143,0.004019025187,14.2087912088,0.158632914593
ABprppapa->ABprappaa,2096.05413299,0.966919890896,27.1648351648,0.129101538167
ABprppapa->ABprppaap,2843.2571192,0.77737943498,31.4945054945,0.164673728345
ABplpppaa->ABplppppa,2492.57553896,0.106501801578,30.3406593407,0.140481108684
Eara->ABarpaapp,1785.81169241,0.851923275901,25.1428571429,0.108340266186
ABprpappaa->ABarappapp,1534.43251979,0.0245170093419,14.7582417582,0.123897484334
ABalapa->ABalaaa,6160.51670762,0.863598679832,19.5934065934,0.142244611775
ABaraappa->ABarapaap,2162.23739055,0.796201832797,28.9010989011,0.120819895692
ABplpapp->ABplpppa,3161.21841877,0.00829336181237,16.7692307692,0.123302939993
Dpa->MSpappp,1899.726858,6.49296061066e-07,13.5274725275,0.114713006826
Epra->Epla,1787.90461283,0.816452080829,35.8241758242,0.117630935134
Epra->Z2,1797.92811736,0.29822183355,38.2307692308,0.115892054817
Epra->Dpp,1407.53821292,0.012398342648,7.85714285714,0.11067667988
ABpraapp->ABprpaap,4351.21482523,0.56069500072,21.7252747253,0.152245722345
ABplpppap->ABplppppp,2528.23735138,0.0293789042941,29.5054945055,0.148049376407
D->Cpp,8547.48438516,0.148208397171,12.2747252747,0.154040116248
Ep->D,5690.23618694,0.255748394396,18.7802197802,0.0987153030494
Ep->ABplpp,8299.81569551,0.000124577400175,15.7472527473,0.130306206122
ABalap->ABplaa,13559.625297,0.604268848281,16.4835164835,0.196659362308
ABalap->ABarpa,9428.19802193,0.344921269668,16.6483516484,0.13901595747
Capa->Cappp,3939.66192325,0.605711924002,5.50549450549,0.210652656314
ABprapapp->Cpppa,1845.37668895,0.34293639602,18.9010989011,0.125220237929
MSaapp->MSappa,3664.74093945,0.451432247101,24.4505494505,0.155569760196
MSaapp->MSapap,2398.05216719,0.254549304812,9.65934065934,0.110046740334
ABaraapapp->MSaapaaa,1423.20882921,0.680113293243,15.1758241758,0.113805387354
MSappap->ABplpapaap,1218.26163665,0.994784448654,11.7692307692,0.105568985764
MSppppp->Dpaa,2067.23084703,0.840543913434,22.6263736264,0.15156135606
ABarapppaa->ABaraaappp,2143.82743383,0.364413569654,13.1868131868,0.172942602191
ABprapapap->ABprappapp,1883.33520397,0.00682859158987,12.3736263736,0.15297929883
Cpaaa->ABarpppap,2000.89476057,0.362052906995,20.6923076923,0.130978488359
ABaraapaa->ABalpaapap,1442.22320528,0.889254818628,6.67032967033,0.0897313681514
MSppapa->ABpraaappa,1300.08219482,0.125161238934,13.956043956,0.0998272734494
E->ABprp,14712.5600769,0.663285241941,4.42857142857,0.128449574383
Ealp->MSappp,2592.69181185,0.0536727985628,25.0,0.126727232728
Ealp->MSappa,2301.2774793,0.15569711633,22.3846153846,0.113793039709
Ealp->Earp,2521.14768558,0.0862137002103,42.1978021978,0.140416859758
ABprpaapp->ABprppaaa,2724.37213174,0.781996556519,26.7692307692,0.15184177429
ABpraappp->ABprapaap,2491.23481731,0.7946313877,28.9120879121,0.137670506681
ABpraappp->ABprppapa,1572.64053807,0.795134114778,21.1758241758,0.0999823320652
ABpraaapa->ABpraaaap,2051.16649758,0.0433666585356,28.5604395604,0.120869306963
ABpraaapa->ABpraaaaa,1783.06690958,0.262493087273,25.8131868132,0.115886842389
ABarpaapaa->MSpaaapp,1091.21141531,0.183597952209,12.1318681319,0.0915875908894
ABarppppa->ABprapapaa,2148.64623669,0.559399676336,7.16483516484,0.162686278947
ABpr->E,11301.0097562,0.661415553731,6.28571428571,0.0808523656666
ABpr->C,30842.5427813,0.346993490071,5.42857142857,0.207957952726
ABpr->P2,28593.5742491,0.869084251591,4.45054945055,0.167025241916
ABarappppp->ABprpapaaa,1101.74736745,0.735274154805,12.0,0.0933823118664
MSppap->MSpppa,3901.07069032,2.43485560844e-05,25.6483516484,0.158771117344
ABplpaaapa->ABplpaapap,1263.27684937,0.160307787679,13.3516483516,0.107075624804
ABplpaaapa->ABplpaapaa,1379.43122713,0.00257257981946,13.8351648352,0.113356239464
MSaapa->ABalpappp,4047.39701828,0.157837252491,7.69230769231,0.180895174972
ABalaaapp->ABalaappa,2211.81736895,0.776299034186,31.9230769231,0.126511444917
ABarpapaa->ABalaappa,1513.73930063,0.707337482672,10.2967032967,0.100273197587
ABplpaaa->ABalppap,4502.52748666,0.485321652139,22.8241758242,0.159095386061
MSpaap->ABaraappp,2111.22993578,0.208040422884,10.1758241758,0.107111294217
ABalapaaa->ABalappaa,1795.67866676,0.195879945683,29.5714285714,0.113979958269
ABalaapppp->ABpraapaaa,1808.13643897,6.17185382024e-05,12.9450549451,0.147812391992
ABalaapppp->ABpraaapaa,1212.32320016,0.00413624041592,12.3076923077,0.100508177057
ABplaaaaa->ABalapaap,1835.10555109,0.711059631949,19.5824175824,0.127645694459
MSppp->ABprpapp,5396.783158,0.159122285406,9.52747252747,0.178476483088
Cppp->Eprp,2777.93239108,1.65042810089e-07,9.1978021978,0.120971184561
ABarapappp->ABarapapap,1919.88704907,0.132493668559,18.1978021978,0.14736139151
ABarappapp->ABprpapaap,1120.32442049,0.777621427791,11.5934065934,0.0970791331496
Caaa->ABplapap,3824.87603446,0.329166611281,19.6373626374,0.135268400408
Ealpp->Earpp,2037.95541445,0.752593983018,7.47252747253,0.170802119936
Cpppp->Cappp,2678.90474629,0.000433988652539,34.3626373626,0.163485316174
ABplappa->ABplppaa,2992.58462137,0.581262501575,18.8901098901,0.118018661836
ABplappa->ABplppap,2845.07726266,0.256540327295,17.010989011,0.122536948654
MSappap->MSapppa,1352.28730276,0.431940850456,26.4175824176,0.0976975489536
ABalppppa->ABplaapaa,2071.56250447,0.0125788613838,22.3626373626,0.134102276251
MSpaaapp->MSpaapap,1082.32744748,0.300656320522,8.89010989011,0.0935244946318
ABplpap->MSapp,5708.07543576,0.601795905613,10.8461538462,0.135435822487
Capap->ABplpppppa,1019.94168823,0.333629540292,11.4725274725,0.096209573205
Capap->ABplpppppp,1065.77103032,0.7076497091,10.6263736264,0.0969685784437
Eal->MSpap,4127.39002888,0.567695957091,18.8131868132,0.11524771456
ABpraaa->ABarppa,6065.0346177,0.717590899958,18.1978021978,0.140563661611
ABalappaa->ABalaaapar,1356.42078037,0.703904651129,10.3076923077,0.113589585039
Epla->Dapp,1486.13295325,0.382679999187,12.4725274725,0.13164789852
Epla->Dapa,1846.74229652,0.955916903373,13.8241758242,0.12853362125
Cap->Cpap,4508.46228993,0.371210187001,4.15384615385,0.111896471419
ABplaaaapa->MSaaaapp,1071.21647256,0.00185445934295,10.8901098901,0.0895342063215
MSpapaa->MSpaapp,1783.48707176,0.384538960053,20.5164835165,0.1075302342
MSapapp->MSapppa,1750.00342621,0.732369246935,28.8791208791,0.119030736519
ABplaappp->ABplpaapp,1967.95240706,0.393618367648,25.5054945055,0.113715301174
ABaraapa->ABaraaaa,3695.03379567,0.0101209301736,23.989010989,0.130812972538
ABaraapa->ABaraaap,1823.30677292,0.00308170057084,14.2087912088,0.0810922746074
Epra->Cpaaaa,1935.58364565,0.285963321209,11.3406593407,0.145696180193
ABalaaapar->ABalaaappl,1768.60968404,0.109008731372,12.7912087912,0.14565457986
MSpppp->Dpa,1756.10882693,0.921047126789,16.9120879121,0.0996638042897
MSpapp->MSpppa,2633.39268843,0.233752022745,17.8571428571,0.123240106847
Daa->ABplppapp,1268.14049934,0.842630416083,12.7142857143,0.0985125671203
ABalaapa->MSaaaa,1968.95330991,0.0744640435097,13.5934065934,0.0958345513344
ABalaappp->MSpaaap,1022.32094694,0.927471840447,13.7802197802,0.0803418204437
Capa->ABplppppp,3999.83813497,0.463094255981,12.1538461538,0.204012392592
Cappp->Capap,3174.10583818,1.20558016513e-07,34.010989011,0.19699455279
Cap->Epl,5638.90562428,0.32586119264,13.967032967,0.132403382806
MSpppp->Epra,2460.75475975,0.967495108329,22.1648351648,0.121300032823
ABarappapa->ABarappaap,1036.43595809,0.0909534251292,9.50549450549,0.0898296192325
ABprpppaaa->ABprppappp,1715.07463652,0.83173414559,9.6043956044,0.142770974822
ABprpppaaa->ABprppappa,1249.76301267,0.131135090971,8.64835164835,0.108742945292
ABplpaaaa->ABalppaap,2285.50798438,0.205282066749,25.2637362637,0.130599074562
ABarp->ABpla,17708.4708081,2.18098728905e-06,10.9450549451,0.168680072417
ABarp->ABpra,16184.6737224,0.833754771735,11.043956044,0.154485774295
ABalaaapp->ABalappaa,1820.49710236,0.979280397002,27.4835164835,0.109066275811
ABalaaapp->ABalappap,1357.64574522,0.655752512385,20.1538461538,0.099564082505
ABalapaap->ABalaaaal,1355.31301202,0.19287038351,16.9450549451,0.106029180487
MSaaaaap->MSaaapaa,1326.25118122,3.00871471465e-06,13.3406593407,0.108184895892
Cppap->ABprpppppa,1017.21855153,0.604986887287,11.0,0.0939238486336
ABarppppp->ABprapapaa,2690.37859967,0.327418751017,9.1978021978,0.199305054242
ABprapapp->ABprapppp,1574.01939645,0.28439419557,16.8901098901,0.111016225375
ABprapapp->ABprappap,2588.85869447,0.0316464905194,27.7582417582,0.146710531677
ABprapppp->ABprapappp,2465.97672385,0.0176749897687,10.4395604396,0.179006592659
ABprppapp->ABprappap,1602.1677337,0.186907253125,25.7802197802,0.102886466412
ABprappa->ABprapapa,2720.68428749,0.669488339395,3.49450549451,0.119346931507
ABprappa->ABprapapp,3169.99262745,0.871358047889,3.58241758242,0.139494089097
Cpppp->Cpappd,1160.22452121,0.434621630399,6.61538461538,0.0949456683988
ABalapaap->ABalppaaa,1412.72851978,0.365752795111,18.8791208791,0.109011609578
ABprapapa->ABarppppp,3382.25827318,0.014640077917,24.8681318681,0.208910573477
Ealaa->MSaapaap,1333.70406998,0.199734147101,11.9450549451,0.11074917457
ABplappp->ABplpppa,2076.394406,0.899723740765,14.5274725275,0.0982639813314
ABaraaapap->ABaraaappa,1306.46860194,0.731970406605,11.6043956044,0.112540906186
Epra->ABarpppap,1879.33243573,0.621526025159,25.1648351648,0.127332699543
Cppaa->ABprpapppp,803.112744045,1.8937734316e-06,8.01098901099,0.0837684245277
Cppaa->ABprppppap,1021.48768682,0.141614967042,11.5384615385,0.0929136175187
ABarap->ABarpa,10608.2405943,0.868574827881,16.9230769231,0.154058442879
ABarap->ABpraa,12002.4861626,0.534705502771,16.5164835165,0.174102470976
ABplapaa->ABarppaa,2639.41525105,0.947205822789,16.8791208791,0.116221789331
ABalpaapp->ABalppapa,1451.80057334,0.559627695395,22.5934065934,0.0987678173095
ABalpaapp->ABalpapaa,1437.95777696,0.48920878909,21.6593406593,0.10409839605
ABplaapa->ABplaaaa,3825.99879874,0.966459753594,23.3406593407,0.134945252293
ABaraapapa->ABaraapaap,1519.82933387,2.94539270419e-12,15.1868131868,0.119919680346
ABprpaap->ABprpapa,3113.85400923,0.315506526287,21.8571428571,0.112686107494
Eplp->Caaaa,1726.0913389,0.750414838456,21.3736263736,0.121357022224
Eplp->Caaap,2469.738108,0.549510441039,30.6703296703,0.135815307413
ABalpa->MSaa,10437.5067427,0.102103369724,10.5164835165,0.157058986415
Daa->MSaappp,2337.05959284,0.0207750175253,13.5604395604,0.133916245954
P4->ABprpp,4134.84340259,0.0572613632802,8.78021978022,0.0849219379078
P4->MSpp,3289.8009041,0.000536364108822,7.04395604396,0.104416692097
ABplp->Ca,11910.1503783,0.00311386436206,4.65934065934,0.122196092013
ABplp->Ea,14127.0088409,0.424554657485,6.93406593407,0.142307758007
Epr->ABprappp,3407.7970919,0.350978026516,17.8351648352,0.117082714375
Epl->MSappp,2465.00220734,0.831300119992,7.31868131868,0.0955347460089
ABalppp->ABplpaa,6958.32580914,0.381888370345,18.7472527473,0.158362827017
MSpa->ABarapp,5812.34637302,0.649652627768,6.7032967033,0.120620926414
Cpap->ABprappp,2902.80975757,0.342612704877,14.2857142857,0.115877657278
ABarapaa->ABaraaap,4577.95467697,0.000540561088028,23.1978021978,0.160681093258
ABprppappp->ABprappaap,1547.93315395,0.532858999187,8.9010989011,0.131257549877
Eprp->Cpaaap,1829.21574666,0.908332022773,14.2637362637,0.145395818326
ABplappap->ABplppapp,1513.06805427,0.0374441638885,22.989010989,0.0999878687182
Dp->Cppa,2623.12668624,0.0089916284736,10.5714285714,0.121198110491
ABprpaappp->ABpraapppa,1662.25575318,0.00295864500752,16.2087912088,0.1310097395
MSapap->ABalppppp,2650.61620426,0.339097263956,12.956043956,0.130783541066
Epr->MSpppp,2529.12234083,0.481921911057,7.50549450549,0.0970765920048
ABalpaa->ABalppa,5215.84431302,0.661990839139,18.1648351648,0.121617596253
MSappa->MSaapap,2694.07086162,0.0871563631711,10.7912087912,0.146824654349
ABplaapapa->ABplaapaap,1897.63241775,1.21659331381e-05,15.5494505495,0.148632524745
ABprappp->ABprpppa,3090.26662552,0.0765613143612,18.0659340659,0.134693686291
ABprappp->ABprppap,2456.35552472,0.509415863687,12.3516483516,0.124055528302
ABprppapp->ABprappaa,1927.95232612,0.223704670334,24.4835164835,0.142144578365
MSpp->ABpraap,5307.81496498,0.000714784965844,7.72527472527,0.113560223762
MSpp->ABprpap,7754.13901308,0.596850237301,7.56043956044,0.16563238536
ABalppaaa->ABalaaaal,1677.58848565,0.835302955909,21.3846153846,0.129030799133
ABplppaa->ABplpaapp,3301.40461806,1.61474751219e-06,5.94505494505,0.156823960023
Capaa->MSaappp,1259.26106929,0.493880431999,23.3186813187,0.104207066255
ABprapppa->ABprpppaap,1728.00645028,0.686769455709,7.0989010989,0.137068169118
ABarpaapa->ABarpaaap,2789.03413694,0.647215948267,25.1208791209,0.154066557797
ABprpaaap->ABarapppp,1843.24826807,0.674825976896,26.3076923077,0.109699909513
Daa->MSappap,2158.90478281,0.0412991750389,10.0,0.122952391407
ABaraap->MSpaa,7359.71226202,0.360687230163,12.7142857143,0.173598394837
ABprappp->ABprapapp,3250.83475034,0.477896023433,4.42857142857,0.1500769424
ABprpppppp->ABprpppapp,1648.60689638,0.213936845096,12.6923076923,0.136184437097
MSppapp->MSppppa,2074.59911308,0.527485549511,30.0,0.140445104257
MSppapa->MSppaap,2010.1995691,0.315454951927,33.3406593407,0.126753471564
ABarpapppa->ABarpappap,2401.92277675,0.62975152841,10.4725274725,0.197304691511
MSpppap->Dpaa,1580.63156629,0.0320144184579,21.6373626374,0.119879154412
MSpppap->Dpap,1090.15557411,0.377043972516,14.7472527473,0.103363413542
ABprap->ABprpa,9467.83888967,0.0211105860535,16.3186813187,0.139342077261
ABal->MS,25519.131729,0.839427654682,7.63736263736,0.167138391296
ABal->EMS,28553.2347253,0.0287715244889,2.31868131868,0.159387694051
ABal->ABpl,15848.7572114,0.000399619007851,8.93406593407,0.107657199968
Eplp->Cappa,1505.29971272,0.346642016042,25.9230769231,0.117939903933
Eplp->Cappp,878.9967713,1.72373693586e-05,13.6923076923,0.102543998315
ABaraaapp->ABaraaapap,2604.46572163,0.127109729051,6.93406593407,0.167716115459
ABaraappp->MSpaapa,1516.43381739,0.936672333423,18.4615384615,0.0914232389485
ABalpppa->ABalppap,2890.88769306,0.257608237551,19.5384615385,0.112326582658
ABplpaa->ABplppa,4184.30531079,0.734187821509,18.3296703297,0.0966887676514
MSapapp->ABalpppppp,1242.11291776,0.78866165742,17.7032967033,0.0976939510655
ABprpapaa->ABprppaaa,1626.63695854,0.433795862711,22.1978021978,0.107946526651
ABarpappp->ABprapaaa,1777.36152592,0.821498261259,22.0879120879,0.11892261184
ABarapaa->ABarapapa,3593.44224725,0.00993546196024,2.92307692308,0.152832795748
ABplaappp->ABplappaa,3346.47325105,0.494873349928,28.4285714286,0.179942843801
ABplaaaap->ABarpaaap,1914.88896488,0.0113248846326,24.1318681319,0.119124009383
ABplappaa->ABplppapp,1809.05074348,0.682527917703,22.3406593407,0.133143334341
ABplpapapa->ABplpapaap,1842.83940562,0.058028871193,13.4615384615,0.14883668902
ABprppaa->ABprpaapp,3376.50147844,0.5200934014,5.58241758242,0.161508973184
ABprppaa->ABprpapap,2340.61633279,0.441841705083,5.17582417582,0.117697250957
ABaraapa->ABarapaa,2491.56183014,0.00507984577064,20.0989010989,0.0965356076095
ABprpapap->ABprpappa,2799.64689128,0.316199102341,30.8241758242,0.149779592969
ABprpapap->ABprpappp,1342.43686479,0.305362034441,16.6373626374,0.0969208572795
Eala->MSapap,2229.56936917,0.0119517578038,18.1538461538,0.104157607927
ABalppp->MSapa,7274.9164448,0.735074436421,11.5164835165,0.172364503721
Epra->ABarppppa,1767.17038695,0.745134273229,26.3626373626,0.119284234995
ABplpppaaa->ABplppappp,1458.34825462,0.00671769443066,9.92307692308,0.123785767728
ABalpapaa->ABalpappaa,2222.45009662,0.0195775487022,6.42857142857,0.139207726839
MSpappp->Dpap,1268.57935191,0.614056464683,16.3736263736,0.110236892973
MSaa->MSpa,8547.40390401,0.000533900363539,16.6043956044,0.144088649326
ABarpap->MSpaa,3647.60835397,0.646675153266,11.0989010989,0.0894080003933
ABplpapap->ABplpappaa,1851.1232367,0.000634350954754,5.23076923077,0.116560254971
ABarpappp->ABarpppaa,3684.81449099,0.0189995002626,31.5824175824,0.205673873334
ABaraappa->ABaraaaap,1086.79008409,0.162583015913,14.1428571429,0.0817019783821
Cap->ABplppa,3803.6010244,0.0906902231544,15.7362637363,0.0912295481407
ABalppapa->ABplpaaaa,1918.35796082,0.632178179706,26.032967033,0.115562421109
Cppaa->Dpap,1443.7260366,0.947907456938,17.8351648352,0.110181574471
ABarapppap->ABarappaaa,1386.3643213,0.124273051325,10.8901098901,0.115753630596
MSpaaaap->MSpaaapa,1658.72008444,0.515509547924,14.1098901099,0.132516648743
ABplpppa->ABplppap,3948.92833208,0.600145926846,23.4945054945,0.141162007962
ABarpppap->ABarppppa,3708.50418992,0.0395379584804,32.5164835165,0.211062104816
ABaraapppp->MSpaapap,1384.3944182,6.93322694317e-05,9.71428571429,0.11459645688
ABprappp->Eprp,2839.81545342,0.0191659733027,8.91208791209,0.118558106307
ABarpaapa->ABalapapp,1134.31881381,0.00494952479476,9.65934065934,0.0913187105423
ABplpap->ABplppp,6237.7876547,0.0669901048366,18.2637362637,0.141005215652
ABplpppppp->ABprpppppp,1894.67549966,0.00244544021707,14.021978022,0.154435850208
ABalppppp->ABplaapap,1608.24570757,0.171629163976,16.7692307692,0.108044288818
ABplapppa->ABplppapp,1769.05358918,0.158328352734,30.6483516484,0.109890930481
MSap->Eal,5695.78784542,0.0750616878139,4.17582417582,0.126163044013
ABarppapp->ABplapapaa,2436.68114276,0.000720664142235,11.3516483516,0.187778067322
ABarapap->ABarappa,5040.85375403,0.000689164815821,22.5274725275,0.174553378217
Cap->Caap,5993.91430586,0.104322226752,3.58241758242,0.150454751958
ABprppapaa->ABprppaapa,1944.36248266,0.902934050626,8.85714285714,0.161301370993
MSpappp->Cppaa,2062.74670696,0.384180511817,32.8351648352,0.140074540744
ABprp->Cp,9678.73400879,0.0171123858576,4.7032967033,0.10167278347
ABprp->MSp,10483.2454346,0.0157408462232,7.73626373626,0.106137006677
ABprp->Ep,8169.59951398,0.0785255926435,5.92307692308,0.0920814978604
MSaaaap->ABarpaaap,1141.68587613,0.987036287712,19.4175824176,0.0835168311197
MSaaaap->MSpaaap,1184.05020913,0.427158954558,20.3736263736,0.0822946438547
Caa->ABarppp,7221.24708613,0.521380296134,14.3186813187,0.162166722105
ABaraaapa->ABalaapaa,1556.20350692,0.380208162363,19.2087912088,0.0952474175893
ABaraaapa->ABaraaaaa,1518.53666321,0.158957860183,17.7142857143,0.0993555773035
ABaraaapa->ABaraaaap,1798.94243869,0.49211897408,22.4945054945,0.101652860728
MSaapa->MSapaa,2835.09889203,0.0570164184211,13.989010989,0.129532090781
ABprpppppa->ABprpppapp,1215.92478839,0.537014072535,11.3186813187,0.106354776324
ABalaapa->ABalaappa,2563.3098904,0.788964607469,3.89010989011,0.129597721484
ABalaapa->ABalaaapp,2415.22023615,0.0272548780473,3.98901098901,0.121062382735
Epl->ABplappp,2885.19991178,0.355009693166,15.6593406593,0.107065650483
Dp->Cppp,5089.4490181,0.739501483953,18.956043956,0.169853167493
ABarppap->ABarpppa,4085.46626755,0.199154321581,23.5714285714,0.153475154811
MSpapp->MSaapp,3035.81336751,0.197840552699,23.956043956,0.131823102016
ABalaaapa->ABalaaaar,2310.48481379,7.20464551235e-09,29.3296703297,0.1354277821
MSpapap->MSpppap,1370.46698319,0.961913850631,17.7472527473,0.0961279998234
MSpapap->MSaappa,1566.74402124,0.839951138687,21.6153846154,0.102280608002
MSpaap->Eara,2208.19104696,0.221148919286,15.3296703297,0.107617989942
MSppa->ABprpapa,4200.91596967,0.10693026309,9.30769230769,0.140062994025
MSppa->ABarappp,5545.7686271,0.0197301992141,9.50549450549,0.183020638301
ABaraapap->MSaaapa,1728.9716774,0.63986443318,22.1098901099,0.104581762548
ABplpaaap->ABplpaapa,2448.18203725,0.0831068140791,32.4395604396,0.13421791042
ABplpaaap->ABplpaapp,1407.82095965,0.018828083404,21.0,0.0906972215053
Eprp->Cpppa,2041.99799521,0.0873620345921,31.5604395604,0.136027605544
Caapa->Cappp,907.056595052,0.135468408273,12.4505494505,0.0961954342929
Eplp->ABarppapp,1782.97320841,0.0574387712718,31.956043956,0.113511089761
Capa->Dap,3025.83169962,0.148020637741,17.0549450549,0.158872802771
ABalappaa->MSaaaaa,1021.69925014,0.0493122725035,14.9120879121,0.0827324855744
ABalppappa->ABplpaaaap,1198.19819905,0.408008610301,14.3406593407,0.103337985514
ABprapapa->ABprappap,2878.3749367,0.0861041338386,28.5494505495,0.169552597145
ABprapapa->ABprappaa,2255.1950341,0.679675804522,24.6593406593,0.136598143069
Dpa->MSppppp,1663.72869071,0.60042557507,8.23076923077,0.0997540641724
ABprpaappa->ABpraappap,1190.09502194,0.272912601392,11.6483516484,0.103484057474
ABalppapaa->ABalpaappp,1340.50621966,0.39983788671,14.3846153846,0.108863469076
ABalapaa->ABplaaaa,3931.57820509,0.542640967729,22.0879120879,0.143791874357
Cppaa->Dppp,1492.96011315,0.0742231240274,21.3516483516,0.110660393778
ABplppppap->ABplpppapa,1014.67903982,0.00435637000896,10.4285714286,0.0936999921125
ABplaappa->ABalpppppp,2669.3451229,3.73047809888e-05,6.62637362637,0.16101581868
MSaaaap->MSaaaaap,1445.9322046,0.46485976384,3.73626373626,0.102751929754
MSpppaa->ABprpapaaa,1381.8377459,0.0132949516756,12.6043956044,0.113664807619
ABalpapa->ABalpappa,4498.56197671,0.530984791524,2.43956043956,0.179347143025
Cpp->Dp,5419.19123477,0.00186085542264,10.5934065934,0.127834288818
ABalpapaa->ABalpaaap,2311.33469905,0.0146046322648,27.3516483516,0.134675853026
ABalapapa->MSaaaap,1525.44258,0.706374381278,25.6813186813,0.0965356229929
Z2->Capaa,1123.88815455,0.141609431427,20.0989010989,0.101149849633
ABprppppp->Cppap,1778.51263826,0.88479163824,15.4725274725,0.13348970776
ABprppppp->Cppaa,3403.58144988,0.0469253024323,22.8681318681,0.199920390113
ABplaapppa->ABplpaappp,1801.90631488,0.769999264755,17.4285714286,0.140738717853
ABplpa->MSap,9963.41637869,0.901794107646,10.7802197802,0.150788643285
ABalpppap->ABalppaap,1578.30537162,0.93718265463,16.9340659341,0.110222145127
Cpap->Capp,2433.69177346,0.600349220537,12.956043956,0.104678833446
Cpap->Cppa,4169.42216053,0.488166142749,20.7252747253,0.143360669515
Cpap->Caap,4642.82119979,0.00116224238585,23.043956044,0.158926635963
Cpap->Cppp,4205.69962848,0.124570417373,20.7912087912,0.147535713089
ABaraapp->MSaaap,2376.12666782,0.248329276638,11.978021978,0.0987074756845
ABaraapp->MSpaaa,3060.95859266,0.0644780458837,14.3186813187,0.114567319284
ABalapp->ABalaap,3660.80053592,0.409493416486,17.0549450549,0.0925598367923
ABalapappa->ABplaapaaa,1019.30642886,0.26496217285,12.2087912088,0.0895227217727
ABprappaa->ABpraapppp,2246.3778541,0.438259409555,6.57142857143,0.152495584209
ABarapapa->ABarappaa,2326.18091164,0.460260558036,28.6593406593,0.129274680109
MSpappa->MSpapapp,1817.05837464,0.215958932843,10.2637362637,0.150934624236
ABalapaaa->ABalaaaal,2207.80763793,0.573704551159,27.3516483516,0.135566578156
ABalpapp->MSaapa,3093.62105238,0.960515130165,11.8241758242,0.120278179579
ABalpapp->MSaaap,2831.5018942,0.946277199749,12.978021978,0.107187929264
Dppp->Cpppaa,2570.82873863,0.329824803922,8.69230769231,0.212749763436
ABplpppaa->ABplppapp,2417.19655894,0.908011880882,31.5274725275,0.140705150841
ABpraappa->ABpraapppa,2282.86175287,0.851243424432,5.24175824176,0.150588260979
ABplpppp->MSappp,3249.35347827,0.00127871778751,12.8021978022,0.125766982333
ABalaaap->ABalaapa,3277.8547776,0.0878787344166,23.6593406593,0.121873288045
ABar->ABpl,19984.575371,0.333376586888,9.54945054945,0.126668998379
MSaapaa->MSapaap,1444.17782819,0.0294834527292,17.3516483516,0.0933194907056
Eal->ABplpap,3661.85479091,0.561081034304,12.3516483516,0.0924239674788
ABalapapa->ABalapaap,2219.26769924,0.101230216995,33.043956044,0.128617940323
ABalapapa->ABalapaaa,1793.04218511,0.161074324959,26.8021978022,0.127412505765
ABprpappa->MSpappa,2441.57615449,0.000707477277708,18.7472527473,0.140292381812
ABalaapppa->ABalaaappr,1389.08079873,0.10630346684,11.956043956,0.115623094063
ABalaapap->MSppaaa,1419.05338287,0.0131490829575,23.4175824176,0.103692166781
ABplapaa->ABalappp,2582.43439499,0.34551641663,12.978021978,0.101310266771
Earp->Epla,1473.75365633,0.0827210336945,27.4285714286,0.0996265031334
ABarapap->ABpraaaa,2585.24072962,0.221820194594,13.5384615385,0.107817384379
ABplapapa->ABplappaa,1839.5502596,0.802299244696,21.989010989,0.116225795816
ABplapapa->ABplappap,2475.56250475,0.922906053257,26.2527472527,0.148694392175
ABplpaap->ABplappa,1919.58851157,0.0511451727629,7.23076923077,0.103595915385
ABarpapp->ABarpppa,3389.78823134,0.000832118192304,18.1868131868,0.142062140148
MSaaaap->MSaaapa,2736.84375308,0.0131707852561,27.9230769231,0.155380690671
P3->ABprp,14307.5006991,0.0552194025826,11.1208791209,0.137608134592
ABplaappa->ABplaapap,2407.68630094,0.870818132547,31.7252747253,0.1326270491
ABarapa->ABarpap,3740.37587231,0.799388938456,16.978021978,0.0876767072258
ABarapa->ABaraap,4090.41823525,1.70763309349e-05,17.6483516484,0.0954328965601
ABarapa->ABarpaa,4956.02723097,0.700620768921,17.5384615385,0.113864316589
ABarapa->ABaraaa,5761.60918745,0.652750311347,19.1208791209,0.130161864838
ABalaaaar->ABalpaapaa,1802.05155441,0.0987249126675,13.032967033,0.126778118878
Cpapa->ABprapapp,2414.35950852,0.702276873103,24.032967033,0.147833150703
ABalppppa->ABalpppppa,1760.62316079,0.453740831196,4.56043956044,0.10545509642
ABaraaaaa->ABaraaapaa,2313.69410187,0.13951208874,13.1978021978,0.16270556352
ABplaappp->ABplapapa,1223.06454936,0.0296964763722,8.87912087912,0.100461126499
Caaaa->ABplapapp,2158.21713114,0.736788937698,13.7582417582,0.132742420223
ABalppppa->ABalapapp,1637.6310469,0.218584192649,23.6813186813,0.100387184351
Epl->Da,2271.52833681,0.347914405545,18.8681318681,0.0802133216752
MSaaa->ABaraapa,3494.06042614,0.897169809127,6.61538461538,0.115544882519
Ea->ABplapp,6430.76690235,0.00676479674963,3.89010989011,0.132266360861
MSpppp->Z2,2532.64188362,0.701350319329,17.2967032967,0.133397306626
ABplpaaap->ABplpapaa,1537.11166155,0.503864444792,19.032967033,0.108421326926
ABalpappa->ABaraapap,2080.84019872,9.24758595784e-06,23.978021978,0.116640916991
ABalapap->ABalappa,2770.733071,0.515470605102,21.5604395604,0.102660339679
ABalapap->ABplaaaa,2204.07680104,0.377333375395,15.6153846154,0.0952012380343
ABalapap->ABplaaap,3672.99290119,0.855330005903,22.4615384615,0.131794153991
Cpa->Epr,4338.64413686,0.888526673157,9.05494505495,0.10304213329
ABalapapa->ABarpaaaa,1673.13055137,0.792314517838,27.1978021978,0.108110035437
ABarppaaa->ABarpaappp,2423.87569458,0.850019109104,12.0769230769,0.177242141008
ABplpapp->MSappa,2994.91402119,0.0652015028788,10.4285714286,0.116106016688
ABplaaaaaa->ABplaapaaa,1519.49006712,0.511251588421,11.9010989011,0.127825486675
MSppaa->ABarapppa,1791.76531545,0.213330575959,10.8681318681,0.098235665699
ABprapapa->ABprapaap,2552.62773759,0.00695316985587,23.4835164835,0.159456678769
ABprpppppp->Cpappv,1364.55460282,0.798525452276,9.0,0.131965262293
MSppap->ABarapppp,2034.70303289,0.261732521511,10.8681318681,0.105825706407
MSpapap->MSaapap,1358.58984894,0.316494591015,22.8461538462,0.0931686701037
ABarapp->ABpraap,6021.94853607,0.897383169663,18.5384615385,0.135253381408
ABarppppp->Cpaaap,2209.46330249,0.933921514808,10.3406593407,0.161783921449
Ep->ABprpap,4917.39222547,0.179602429839,4.43956043956,0.10402033864
ABaraapp->ABarapaa,1966.59411621,0.319640342183,14.7692307692,0.088826371055
Eprp->Eplp,3592.20511829,0.0398550562811,50.2417582418,0.211096117505
Eprp->Z2,1303.31359506,0.0887058543551,32.021978022,0.0991044315669
Dpa->ABprpappp,1953.43637128,0.260262427863,23.2967032967,0.113567047809
ABplaapaa->ABalpppap,1591.54317493,0.389962749114,17.3846153846,0.110742403451
ABpraap->ABprpaa,5989.38269822,0.789562069695,18.2527472527,0.13497650955
ABpraap->ABprapa,4190.45631663,0.897808622451,17.3296703297,0.0983914687182
MSappp->Epla,1749.21142359,0.0755679588563,15.4725274725,0.100023220371
MSappp->Daa,2247.97136061,0.272736330357,20.7252747253,0.119090203225
Cpapp->Cpppp,3697.72466978,0.60341444437,32.5384615385,0.209243165899
ABar->ABpr,19882.8702115,0.00179192141194,9.06593406593,0.134705899184
ABar->MS,13880.5886656,0.701307147039,6.3956043956,0.103170300505
ABprpaaaa->ABprpaapa,1375.32038479,0.388080141199,19.4725274725,0.0904632794803
Daa->Capaa,1474.99189093,0.127536897901,11.5494505495,0.0917969781813
ABplp->MSa,11130.0486051,0.981736552577,7.42857142857,0.112373330168
ABalp->MSa,19561.3922807,0.000581890568923,7.52747252747,0.19606034543
ABalp->ABpla,14501.7323635,0.00959369279519,10.9230769231,0.138674780998
Cpaapp->Cpapap,3361.3762939,0.000493564539765,14.3736263736,0.268114138672
MSpappa->MSaappa,1155.73051726,0.0137547312527,21.5384615385,0.103398422561
Cppap->Capap,2843.16342455,0.024309221622,27.0769230769,0.187803740342
ABarpaap->ABalappp,1932.22075154,0.462670589733,11.8571428571,0.0978361473497
Caapp->Cappp,3035.85635761,0.557232252915,32.6373626374,0.185519911957
Caapp->Cappa,1968.38914978,0.780664848887,18.6813186813,0.131952827109
ABplaapaa->ABalpppaa,1340.70081641,0.427773020488,18.8131868132,0.0987313509666
Caaap->ABplapapp,2133.93338874,0.751063358538,22.1428571429,0.132345046567
ABarpppp->ABprapap,3034.54628438,0.727975233584,18.9120879121,0.113833831023
ABalaaappl->ABalappapa,1656.60377166,0.00554142536084,9.97802197802,0.139195575133
MSppaa->MSpaaap,1956.83155941,0.301737922594,6.46153846154,0.105916388184
ABpraaapp->ABpraapaa,2782.19097618,0.347113099596,27.9120879121,0.151348354155
ABpraaapp->ABpraapap,1681.17660597,0.556702487689,16.8791208791,0.115683688573
ABprapaaap->ABprapaapa,2329.28374803,0.0839544239534,9.51648351648,0.191826108097
ABprpppaa->ABprapppa,1118.87716883,0.213917470913,12.0769230769,0.100350157574
ABarpaaap->ABarpaapaa,1803.58830166,0.429336869481,15.1868131868,0.131939600317
Dpp->Cppaa,2556.95947999,0.182503025155,12.8571428571,0.143740588686
ABalaapppa->ABalappapp,1531.30646577,0.256373233963,10.4175824176,0.127324426143
Eplap->Caaaaa,1381.50533827,0.245889118798,6.32967032967,0.130111910176
ABpraapapp->ABarpappap,1422.48050308,0.908112523234,8.97802197802,0.123573217387
Caa->ABplapp,6813.54561086,0.148285266081,16.0549450549,0.15032024802
ABalappaa->ABalaaappl,944.093189896,4.15521029833e-05,7.58241758242,0.0917493978774
ABarpapaaa->ABarpaaaaa,1554.09710533,0.92227118977,7.27472527473,0.13207059152
ABalpppa->ABplpaaa,1604.07914932,0.05831373702,9.78021978022,0.0922213035128
ABalpppa->ABplaapa,2145.93648168,0.00403657857816,14.7252747253,0.0984813999781
MSaaaaap->MSaaaapa,1269.95316489,0.0906000943703,11.978021978,0.103281396168
MS->ABalp,15344.6196245,0.893221407376,3.76923076923,0.133203836572
ABalpppp->ABplaapp,2542.48396534,0.0655611726432,15.8131868132,0.105591159429
ABalpppp->ABplpaap,1940.22791918,0.0286665353082,15.3956043956,0.0796699929493
ABplpappap->ABplpapppa,2014.97149897,0.504248491286,16.5054945055,0.157833432939
ABarappp->ABprpaaa,2999.72683218,0.990012861162,20.0879120879,0.11237307899
ABalappap->ABarpaaaa,1218.78122364,0.856552580224,16.7692307692,0.0923077134588
ABplppap->MSappp,2037.00703348,0.725673608994,10.2857142857,0.104574405828
ABprpapap->ABarappap,1169.33982935,0.0776141090538,15.1208791209,0.0889040640953
ABprpapapa->ABarappapp,1752.72826285,0.452049693102,14.8351648352,0.138615946757
ABpra->Cp,12260.7971834,0.489695728589,4.50549450549,0.126438927124
MSaa->ABalaap,5685.50648964,0.000597996712418,5.59340659341,0.123201386747
Ea->ABplpp,7525.66136836,0.0661634830645,16.8571428571,0.112214369128
Ea->ABplpa,5964.31812283,0.437286455795,14.3076923077,0.0963018630001
ABprpappp->ABprppppp,1557.36932373,0.187795567975,14.7802197802,0.119812533177
ABprpappp->ABprppppa,2818.9121319,0.790777211494,30.978021978,0.153285731714
Eplp->Caaaap,1432.33130796,0.217241904141,11.7362637363,0.112991260251
ABarpppa->ABpraapp,2185.02398857,0.081530291337,13.3406593407,0.100526648394
ABalpappaa->ABalpapaap,1750.53343732,0.220152111809,14.7802197802,0.139639808374
Capaa->ABplpapppp,948.657137056,0.481273330585,10.5934065934,0.0905201004809
ABplapa->ABplaap,6204.64228665,0.00117043651068,18.2307692308,0.138469747287
ABplapa->ABplaaa,5033.58725948,0.887741360151,18.010989011,0.114860427831
Cpapp->Caapp,2615.9800207,0.000626849155794,32.5274725275,0.148120193098
ABplpaaaap->ABplpaaapa,1685.00724401,0.640866331503,15.9340659341,0.132516378668
ABpraapa->ABpraaaa,2171.69729461,0.0660378553315,11.1538461538,0.0895882632601
ABpraapa->ABpraaap,3716.37739558,0.16562561285,22.6373626374,0.136767934618
Da->Cppp,3240.53070622,0.849869188489,16.021978022,0.111764878534
Da->Capp,2743.71582191,0.090486049013,11.978021978,0.114546951096
MSapaap->MSapapa,2291.35925267,0.0575549851102,33.7912087912,0.143602810962
ABalpapppp->MSaapapa,1782.9982079,0.715594253006,9.27472527473,0.147641545703
Cppp->Capp,4415.4027464,0.0363904386224,26.0989010989,0.164698706406
ABarpppap->ABprapaap,1307.100956,0.449852229358,18.7032967033,0.0976603800765
ABalpppaa->MSapaaa,1066.19393793,0.270455297848,15.8791208791,0.078443571765
ABplppapaa->ABplppaapa,1840.1339136,0.799309500069,8.98901098901,0.153022556289
ABalpapap->ABalppapp,1454.24621482,0.708776470976,11.2637362637,0.118754582712
ABalpapap->ABalppapa,2228.6282355,3.28250923981e-05,26.8901098901,0.133993613535
ABarpapa->ABalappp,1824.23895047,0.144163554893,13.5164835165,0.0804565131924
ABprpaapa->ABpraaapp,2045.78021783,0.858736850334,19.5164835165,0.129827734305
ABprpaaap->ABprpaapp,1626.08056189,0.327014284527,22.5494505495,0.10376141972
ABprpaaap->ABprpaapa,2663.35761973,0.388095750425,32.8351648352,0.146357999409
MSappaa->MSapppa,1394.88080996,0.477017333709,25.5934065934,0.108438031537
ABprappa->ABprpppa,2265.62307668,0.921037746762,10.2197802198,0.110880852608
ABprappa->ABprppaa,3054.64097345,0.510235531332,19.9230769231,0.118895759763
ABprappa->ABprppap,3466.08954664,0.356081054444,23.3956043956,0.126679562177
Caapa->Caaapp,2314.07743471,0.0110328263222,11.5934065934,0.192942683045
ABprpppaa->ABprppppaa,1899.34679897,0.633937908323,2.89010989011,0.130460257583
ABprpppaa->ABprppppap,2139.71886447,0.231256258185,3.10989010989,0.144255689744
ABplpaap->ABplppaa,4380.20214136,0.252565616404,22.2087912088,0.154568698713
ABplappa->ABplaappp,3867.68990555,0.379051430181,4.01098901099,0.158066765637
ABalaaaar->ABaraaaaa,2497.12966347,0.438847278313,34.2417582418,0.149221198217
MSpaap->MSpapaa,2219.07193477,0.432038391459,4.61538461538,0.118737510829
ABplapppp->Cappa,3176.69733385,0.537662879215,29.5054945055,0.194440513204
ABprpapapp->ABprpapppa,1823.30493073,0.0944037124996,15.5714285714,0.143863071214
P4->Epl,4618.63251824,0.40858874667,21.1318681319,0.125884988325
ABprppaap->ABprpapapa,1673.87732264,0.338357659986,6.58241758242,0.124516867187
Caap->Capp,3880.68035983,0.000672070365146,26.5054945055,0.142959996484
ABalpapaa->ABalpaapap,2145.51675837,0.0785173418876,6.75824175824,0.134924718653
Cpapaa->Cpappd,2396.29234937,0.0277696547877,12.6373626374,0.193753308419
ABplapap->ABarppap,4202.7224521,0.024568809229,20.7582417582,0.149017440889
ABplapap->ABplappa,5073.4136612,0.053208133388,22.6483516484,0.174908785655
ABplapap->ABalappp,2631.69892109,0.0264238966428,10.5604395604,0.105780448276
MSppaaa->ABpraaapaa,1130.34376325,0.16331512433,8.12087912088,0.0959166209973
Ealpa->MSaapapp,1604.11988772,0.949731169838,8.54945054945,0.135992825919
ABalaaapa->ABalappaa,1992.86601271,0.487776658271,28.6593406593,0.119066450914
ABplpaapp->ABplppaaa,2812.25362944,0.676529906691,25.7692307692,0.156207188939
Cpaa->ABprappa,2162.30476468,0.557719809234,11.6483516484,0.0914706648619
Cpaa->ABprappp,4151.38794603,0.000813722318911,18.5384615385,0.142732788316
MSpaap->MSppaa,2380.06333916,0.128642395393,21.2967032967,0.106212803903
ABarpp->ABprap,8794.28690598,0.0678360018056,16.5164835165,0.128123078972
ABarpp->ABplap,5964.22402648,0.526935048123,14.6593406593,0.0919939726864
ABarpppapa->ABarpppaap,2674.82836298,0.000148014715617,9.0,0.221726402695
ABarpaap->ABarppaa,5227.4403354,0.687422797665,21.6593406593,0.181770611943
Eprp->Dppp,2068.55155511,0.732895558485,16.3186813187,0.151523464898
ABalppppp->ABplpaapp,1528.99481283,0.114201668383,19.1868131868,0.0944274756858
ABalppappp->ABplpapaaa,1532.95637322,0.699171427334,12.6373626374,0.126710913185
ABalapapp->ABplaaapa,1438.98083616,0.408942913253,21.6703296703,0.0945374542893
ABprapaapp->ABprappaaa,1894.58057641,9.97450573551e-05,9.20879120879,0.158135926336
ABarpaaa->ABalappa,2093.93065049,0.209172409367,14.8791208791,0.121359022152
ABalappp->ABalaapp,3067.37964197,0.0123897183322,19.2637362637,0.115740172719
Dpa->MSpppap,1894.2566157,0.0859702323751,11.0879120879,0.110381620505
ABalpppaa->ABalppaaa,2184.24913822,0.480666013501,28.5274725275,0.13421032182
Epra->Cpaaa,1758.54204322,0.802156173685,17.5384615385,0.130884586457
ABalaapa->ABaraaaa,1547.99503289,0.217616159269,14.1648351648,0.0803549566329
ABalaapa->ABaraaap,2201.05320867,0.0293704350511,13.1538461538,0.111292692723
ABarap->MSpa,8522.56670628,0.687397272518,10.2637362637,0.128192980055
MSaap->MSpap,3865.41494567,0.0278846646521,17.3516483516,0.109140275633
ABalappaa->ABalappapa,1460.57304336,0.509280904328,7.72527472527,0.122210723385
ABprapapp->ABarppppp,2269.54283263,0.173767782794,20.3406593407,0.145741886636
ABalppapa->ABalppaap,1896.51217408,0.202442587303,23.5164835165,0.115414229295
Capp->ABplpppp,2097.21190897,0.137768442186,9.04395604396,0.0987595154297
Cpapa->Caapa,2494.99930192,0.157954044563,27.5164835165,0.150427508029
ABalpap->ABalppp,4244.9387437,0.908434547274,16.956043956,0.100464650541
ABprpappap->ABprpapppa,1857.06156916,0.490223661416,17.0659340659,0.143286403668
Dap->Capaa,2489.57387771,0.103316846427,9.83516483516,0.14178455246
ABplpappa->ABplpapap,3361.97404754,0.773320957637,28.5934065934,0.178310371847
ABalaappa->ABpraaaaa,969.593690139,0.133767512885,15.1098901099,0.0906067439003
ABalapp->ABarpap,3601.56892042,0.306445214291,16.1758241758,0.0879467399979
MSpappp->MSpapapp,1422.64421904,0.000258680961646,9.16483516484,0.124685279198
ABarpppp->Epra,3344.84892291,0.833777168805,9.48351648352,0.143570795062
ABalppapap->ABalpapapa,1249.04583717,0.276401676875,13.3296703297,0.104995794257
ABpraapppa->ABpraappap,2087.76978922,0.131864698899,13.5714285714,0.167590515744
Caaa->ABarppap,4683.90943369,0.00490551316169,20.0549450549,0.163468810085
Caaa->ABplappp,4065.4468949,0.997338180252,20.6373626374,0.142134566677
Cpaapa->Cpaaap,3381.68541831,9.71285672638e-08,17.967032967,0.261194451442
MSpaa->ABaraapp,6526.21014338,0.320615236421,7.67032967033,0.211044880919
ABplaapapp->ABplaappaa,1293.55301159,0.0806727364888,13.9010989011,0.10714463849
ABalapapa->ABplaaaaa,2347.87137577,0.139975241548,26.5054945055,0.158466111856
ABaraappap->MSpaapaa,1242.1220262,0.105033912291,9.49450549451,0.10445136345
Dpa->ABprppppa,1640.12316367,0.474606211012,21.4615384615,0.0972815515199
Dpa->ABprppppp,1530.5442438,0.720314021799,10.7142857143,0.109107739572
Caaapa->Caaaap,3589.38889818,0.499998662381,17.978021978,0.277656915965
ABplaaaap->ABplaaapa,3040.44296553,0.0343642360107,33.956043956,0.167972360528
ABarapa->ABpraaa,5175.04268645,0.404576380463,19.043956044,0.117328820434
ABpraaaaa->MSppaaa,1252.3579114,0.0801225085476,17.2967032967,0.0915790569338
ABprppp->Dp,7777.4854872,0.00500232442013,13.5164835165,0.186491700769
ABalppppa->ABalpppap,2402.18261402,0.573115818514,30.0769230769,0.132387775107
ABplap->Caa,11136.0843418,0.292710330995,5.03296703297,0.1709734158
ABarpp->Caa,10718.7573553,0.131804740452,6.82417582418,0.173497049286
ABarappppa->ABarappapa,1309.14992759,0.39154047133,13.1208791209,0.10794113995
Cpa->ABprapp,8841.36842703,0.000745047891278,15.3406593407,0.19394863161
ABplappaa->ABplppapa,2202.47847985,0.289126940351,29.4065934066,0.12962781168
ABprappap->ABprapppa,2842.7793758,0.435846119722,33.8021978022,0.162922442615
ABalaapp->MSpaaa,3185.35096292,0.615276714633,17.8131868132,0.121052786035
ABprpaaaa->ABarapppp,1596.34111104,0.515517488832,17.6923076923,0.109228797105
ABarppaa->ABarpaapp,4998.19651204,0.00028378159816,5.67032967033,0.222810103821
Caaap->Caapa,4772.25763609,0.6210480645,26.8681318681,0.261629749227
ABarapp->ABarpap,3702.16619319,0.26365250518,16.1208791209,0.0884890666958
ABarapp->ABaraap,2989.04385124,0.599887598502,12.1648351648,0.0854613840572
ABarppppp->Cpaapa,2353.87241742,0.208063434069,12.956043956,0.165240736472
Ep->P4,13719.7910652,0.149226856143,22.0,0.208413298519
Ep->Cap,8280.67682968,0.654940108338,10.5494505495,0.146447427519
ABplppp->Da,5219.04235826,0.0158795832722,12.8571428571,0.125254827385
ABprpap->MSppp,5081.48330544,0.543506480569,11.3956043956,0.122380191856
Epr->MSppp,4296.25060739,0.0072341121135,20.4065934066,0.119279493753
Epr->Cpap,1554.91176885,0.129263015639,9.34065934066,0.0752204645156
ABprpaap->ABprppaa,3969.46427941,0.0367115340207,21.8681318681,0.143990589907
ABpl->E,16048.1110193,0.268291314165,7.48351648352,0.107080137337
ABpraappp->ABprappaa,2227.08149024,0.823108197922,25.5274725275,0.12953126619
ABarpaap->ABarpapa,3241.25930957,0.497962097761,20.7692307692,0.117923015845
ABaraaapp->ABarapppa,1910.51169792,0.297905529906,18.1428571429,0.136890733139
MSpaaaap->MSpaapaa,1476.25238086,0.0387653917958,9.84615384615,0.122330950152
Cpaa->Caap,2647.19751777,0.296069168191,16.6373626374,0.0975375175088
ABalapp->ABplaap,4460.38880545,0.46270007693,16.5274725275,0.1035319855
ABpraaappp->ABpraappaa,1370.58807981,0.000339214445974,13.4285714286,0.110052558727
MSaappp->MSaapapp,1137.02287881,0.0493510441962,7.61538461538,0.1034490969
ABpraa->ABprpa,5506.57561217,0.469105738157,12.6483516484,0.0900779130917
MSaaapa->MSapaaa,1471.82134893,0.185978408118,19.5934065934,0.0931730828315
Caap->Caaap,5440.42947135,0.00388057917857,6.21978021978,0.234675400051
ABarpppaa->ABprapaaa,1660.86550277,0.0617984381255,23.4505494505,0.113709675454
ABalpaaa->ABalpaapa,2300.55218394,0.0155740318794,5.43956043956,0.108975374475
ABplpaap->ABplpapa,2238.21134869,0.00730348877725,17.3406593407,0.0907343647034
Cap->ABplppp,4974.09232483,0.325288547785,17.6703296703,0.114553009165
ABplpapppp->ABplppppap,1174.31197122,0.82330053329,13.0659340659,0.101847018013
ABpra->MSp,8167.67875469,0.909310319713,6.74725274725,0.0847229953989
ABplaapap->ABplaaapa,2018.0512201,0.277820332207,28.0,0.121419238261
ABprpppaap->ABprppappp,1483.76272347,0.0900199483952,8.71428571429,0.124650204312
MSpppa->MSpapap,2193.46639083,0.327808747897,8.79120879121,0.123528616253
ABarpapppa->ABpraapapp,1567.99957056,0.481720627533,11.6923076923,0.136254468334
MSpppap->MSppppa,1217.90498745,0.314378150219,24.7252747253,0.0918236298746
ABarpapppp->ABprapaaaa,1900.99097452,0.00294197318285,12.1208791209,0.156440206271
ABalppapp->ABplpaaaa,1280.38075508,0.00419901188695,14.8681318681,0.0963555962674
ABalppapp->ABplpaaap,1448.97829935,0.536661017074,20.5274725275,0.0987352175825
ABarapappa->MSpapaaa,1388.63958766,0.00631168059737,15.2637362637,0.111720942778
ABprpaaa->ABprpapa,2380.98186673,0.26419339706,16.3406593407,0.0990353081844
Earp->MSpapaap,2155.44937473,0.0349112643893,8.41758241758,0.15930879433
ABalpppa->ABalpapp,2711.22987098,0.00137476644936,12.0769230769,0.119855120833
ABpraaapa->ABpraaappa,1661.80161852,0.119585199507,6.40659340659,0.107963302127
ABalpapaa->ABalppapa,1289.82780116,0.394121345726,12.8791208791,0.107014289236
ABplpaappa->ABplpaaapp,1428.20355442,0.870041651503,15.1538461538,0.115562352933
ABarppaa->ABarpppa,1647.73342728,0.191170031469,8.96703296703,0.0977246326381
ABalappap->MSaaaap,1233.22964589,0.319943736223,13.1208791209,0.0908524229542
ABarpaaa->ABarpaapa,3201.17148723,0.418063469968,6.95604395604,0.145302093628
ABprpapapa->ABprpapaap,1399.83299356,0.0187137088784,13.2527472527,0.114856180772
ABarpaaa->ABalapap,2865.07003719,0.590767770823,19.956043956,0.109677986222
ABalaappp->ABalappap,1163.74866071,0.203937736666,16.0769230769,0.0950245021818
ABalaappp->ABpraaapa,2211.4616023,0.991840491537,28.8461538462,0.131451723742
ABprpapa->MSppap,2125.68698632,0.0960850115486,9.65934065934,0.0941788432947
ABalpaap->ABalppaa,4638.52732345,0.564895500176,21.6593406593,0.162422705628
Ea->Ca,3042.45469125,0.352502512168,6.02197802198,0.0774111856263
ABalpap->MSaaa,8549.80816076,0.622055004267,12.4395604396,0.200623687639
Cpppa->Cppap,1411.75976473,0.00878223310717,23.2197802198,0.100994661063
ABplappaap->ABplppappa,1092.34173871,0.167644025356,8.27472527473,0.0981859401662
ABalappa->ABalaapp,2583.77896826,0.133636988141,20.5274725275,0.101437753881
ABalappa->ABalaapa,2244.6376142,0.0822296602088,18.2197802198,0.0952966028277
ABalappa->ABalaaap,1768.17386587,0.1788564968,12.8681318681,0.101232836655
Caap->Capa,3077.37018399,0.793393764572,18.032967033,0.12181573842
Capa->ABplpppp,3118.16042769,0.51061929429,20.9340659341,0.119449645143
ABalaaapa->ABalapaaa,1902.37449208,0.70913408406,26.7032967033,0.12476323096
Cpppp->ABprpppppp,992.277856405,0.755993131329,6.7032967033,0.088930841085
MSaappp->MSappap,1196.88036457,0.414156104653,24.4615384615,0.092180617011
ABprapaap->ABprappaa,1864.5323206,0.579424293011,21.7362637363,0.132582063854
ABarppap->ABplapapa,2998.44150639,0.763732817693,6.1978021978,0.135163120891
MSpapap->MSpapaap,2242.37548334,0.911414004146,5.83516483516,0.161366304042
ABalpapppa->MSaapaaa,1527.53609784,0.234166923405,16.010989011,0.120859411714
ABplpappp->ABplppppa,3042.00583853,0.0292343483859,30.8791208791,0.166344020264
ABplpappp->ABplppppp,1583.52564196,0.348794133805,17.3406593407,0.11800858825
ABarppaa->ABpraaap,3162.39609701,0.0643362429736,10.0989010989,0.123544867656
ABplaapppp->ABplappaaa,2493.9095027,0.0106964476536,14.010989011,0.199411616578
MSaapap->MSappap,1701.73081355,0.538715586523,22.2307692308,0.10865417378
MSaapap->MSaappa,2173.43716191,0.427123462976,27.956043956,0.133076386184
Caaaa->ABarppapp,4178.78934626,0.566890453735,27.7582417582,0.231236704338
ABprpaaaap->ABarappppa,1365.84740308,0.808118179066,14.3846153846,0.112652572225
ABarpappa->ABarpapap,3302.73873476,0.00900190653644,34.4395604396,0.181464219889
P4->Da,5896.7615557,0.994189267091,20.7582417582,0.158330700548
P4->MSppp,6303.76953004,0.823907573329,18.7582417582,0.170051396354
P4->Dp,5146.47012147,0.463486331798,20.1098901099,0.13581857251
P4->MSapp,4897.59803931,0.000423254431508,16.0879120879,0.145702901525
MSaappp->ABplpapapp,1029.1179882,0.74478780508,12.8681318681,0.0898008439452
ABaraaaa->ABaraapaa,2403.19650045,0.00129637632415,4.71428571429,0.116199741991
ABplaaapp->ABarppaaa,3753.02184369,0.01190340464,30.9340659341,0.211160343478
MSaaa->ABalaapa,3193.59022119,0.00297953492503,4.73626373626,0.106503929599
Eara->MSppaa,1744.13029153,0.00109522705402,12.1428571429,0.0929566516754
ABplppaap->ABplppppaa,1448.95268844,0.0097329731597,6.68131868132,0.115317974184
ABalaap->MSaaa,7910.01497916,3.54723505162e-12,14.6703296703,0.190933173594
ABprpp->Cpp,6974.20427603,0.000877530679708,6.15384615385,0.112505699095
MS->E,17635.2589087,0.171860801978,11.0879120879,0.123281964592
MSaapp->ABplpappp,2262.65640372,0.88879758847,11.4505494505,0.124373969519
ABplapapp->ABplapppa,2162.54946887,0.55879645941,24.989010989,0.124007639548
ABplapapp->ABplapppp,1823.40394299,0.594423807836,19.6263736264,0.118609372712
MSaaapp->MSaaapap,1454.7052161,0.532713613358,14.4285714286,0.116292335352
ABalpaapa->ABaraapaa,979.79744903,0.164989275569,10.3846153846,0.082901638911
ABprpaaaap->ABprpaaapa,1764.73060776,0.0315366187949,15.2417582418,0.139929774089
ABalpaapp->MSaaapa,1292.10796124,0.823711387437,12.1978021978,0.094909003067
Dpa->ABprppapp,1264.32328705,0.462737696639,10.2967032967,0.0991630070162
Dpp->ABprppapp,1561.92340878,0.362217837986,12.4175824176,0.11086811109
ABplppapa->ABplppaap,2891.77306908,0.0586586678689,31.7582417582,0.166452087704
ABplapapa->ABarppapa,2924.45239266,0.00246090058734,26.2087912088,0.167855739143
ABplpapppp->ABplpppppa,2168.29423165,0.465129030601,15.5054945055,0.171319496437
ABalapaa->ABalaaap,4160.7462875,0.0330513568494,22.7362637363,0.15277404814
ABalaaappr->ABalaappaa,1785.64062813,0.708853671287,9.43956043956,0.148552573791
D->ABprppp,7134.64556876,0.00769502606944,5.87912087912,0.152656179909
MSp->Ca,6460.75050972,0.450273010007,9.24175824176,0.0841166796213
ABpraapppp->ABprappaaa,2236.0458457,0.00953338053257,12.010989011,0.182068803785
ABarpaaap->ABplaaaapa,1341.93541167,0.260503812737,9.81318681319,0.108123497392
ABalaaap->ABaraaaa,2086.0222274,0.803521239966,15.3296703297,0.0953192760964
ABalpaapp->ABalpapap,1297.22486684,0.0351673610956,20.2307692308,0.0864565270692
MSaaaaa->MSpaaaa,1348.72514621,0.014020662274,23.1538461538,0.0824995952378
ABarppaap->ABarppapa,3743.39706964,0.382564882891,33.8241758242,0.215094103432
ABaraaaap->MSpaaaaa,1048.34644873,0.209493499298,11.1648351648,0.0876799067497
ABalpppa->ABalaapp,2460.12787275,0.684434106764,9.96703296703,0.0988897221632
Dap->Cappa,1640.33223669,0.676804560695,13.0879120879,0.0986470540319
ABplaapa->ABalpaap,2273.29830515,0.377539045847,10.2967032967,0.097965470958
ABplaapa->ABalppaa,2457.41960288,0.631818262061,12.6703296703,0.101263451737
Z2->Dppp,1140.49372508,0.0844717098576,15.4945054945,0.0919165782297
Epra->Dppp,1435.07231297,0.839810683713,12.9450549451,0.137150887256
ABarappp->MSppaa,3305.99563585,0.816427106767,12.989010989,0.122365332266
ABalaappa->ABalaapap,1784.37460784,0.42034578124,30.2967032967,0.110306904244
ABalaappa->ABalaapaa,1293.389112,0.314503778063,18.8681318681,0.111675406331
ABarpaapaa->ABarpapapa,1499.51962326,0.117323682821,13.7692307692,0.12209553858
ABalppa->ABplpaa,3503.17351281,0.315309466366,15.0549450549,0.0894175537572
ABplpaaa->ABalppaa,2006.16317986,0.38485445842,11.9230769231,0.0949302045894
ABprpapaap->ABprppaapa,1073.27170565,0.0400942557633,6.51648351648,0.103686108516
Cappa->Dapp,2549.50916045,1.0756256497e-12,20.989010989,0.172533655317
MSaapp->MSpapap,3541.27628958,0.0357610974931,6.37362637363,0.187430299734
ABalpap->ABalppa,6239.11287372,0.416535607574,18.4175824176,0.143105697019
ABarpppp->Cpaaa,5002.02365159,0.996473885723,9.24175824176,0.209859088279
ABplpppap->ABplppppa,1292.26980054,3.27404814983e-08,19.021978022,0.0900945867564
Da->ABplpppp,5624.77244184,0.00011249613242,15.9450549451,0.191311498852
ABprapp->ABprpaa,4049.2721015,0.0070014951184,16.2747252747,0.0972145648343
MSaapaa->MSaaapp,2087.28239518,0.0614428452682,25.2307692308,0.118914680426
ABprap->ABprpp,5782.97173103,0.383674644782,13.1538461538,0.0937370159677
ABprap->Cpa,10668.6953709,0.0021104573477,5.12087912088,0.164242410985
ABalpaappa->ABalaaaalp,2108.2442277,0.425509399051,9.35164835165,0.174092592543
ABalaaaal->MSaaaaa,1005.3919574,0.0120529928926,16.0,0.0718332244161
ABarpaaa->ABalapaa,2354.16723062,0.470699775978,18.7142857143,0.103028954308
ABalaapap->MSpaaaa,1221.11701187,0.553466592131,15.967032967,0.0840732760042
ABalaapap->ABpraaaaa,2416.87474479,2.02301728478e-05,33.5164835165,0.145716190114
ABarapapp->ABaraappp,1485.27110522,0.771719296587,18.5494505495,0.0971706111514
ABplpapaa->ABalppappp,2347.10182796,0.0461774322151,5.30769230769,0.154458720295
ABarppaa->ABalappp,1924.4948004,0.676497859911,10.1648351648,0.0963058135226
Caaapa->Cpaapp,2208.00651017,0.97914981063,18.8351648352,0.167355302712
MSaapaap->MSaapapa,1260.60704518,0.0664774073818,8.86813186813,0.10595120159
Cpapa->Cpppp,902.305813744,0.0412933701224,12.1758241758,0.0861231538451
Cpapa->Cpppa,2174.49699845,0.683547197746,25.989010989,0.134597115245
ABalpaapp->ABalppaaa,1735.26581706,0.368916753357,21.967032967,0.11219579488
ABarpapp->ABarppaa,2504.16852562,0.0991283222221,15.3076923077,0.104057669361
ABalppapp->ABplpapaa,3117.26886906,0.161508570238,29.8901098901,0.16988631554
ABarapaap->ABaraaapp,1400.57091512,0.466003943198,21.4835164835,0.0924520742715
MSapapa->MSappaa,1427.01975265,0.979128122682,22.1318681319,0.101125398544
ABarpa->ABplap,7122.47017275,0.633256441891,15.967032967,0.105759773778
ABprppaaa->ABprppapaa,1922.40609087,0.279855707789,6.85714285714,0.153118451299
EMS->P2,34105.8126374,0.0736239711712,2.41758241758,0.189151403268
Cpp->Da,5127.81716389,0.462134534305,10.6043956044,0.120156358284
MSpaaap->MSpaapa,2498.08430459,0.17601934247,25.8901098901,0.144073275273
ABprppaaa->ABprpaappp,1609.52884443,0.803259879311,10.8791208791,0.123452375477
ABarpappa->ABpraapap,1476.6795545,0.0526177927725,17.7032967033,0.118072045681
ABarpappa->ABpraapaa,1625.6466287,0.567998832059,22.2307692308,0.110061379239
MSaaa->ABalpapp,4046.47745226,0.0507932486529,7.25274725275,0.130294737902
MSaaa->ABalpapa,4005.5757734,0.863481127936,7.35164835165,0.128560521651
MSaap->MSpaa,5720.07997559,0.851018315356,18.7692307692,0.15086841741
ABplppppap->ABplpppaap,1661.36837168,0.0462889629812,14.4615384615,0.133007349557
ABplap->ABplpa,5569.36517448,0.685571775014,14.1538461538,0.0857957530937
Eal->ABplappp,2181.06878043,0.0313476391007,8.7032967033,0.0949462738795
ABplaapp->ABplappa,4286.10701015,0.819739681318,21.3406593407,0.146901853947
ABalapapap->ABplaaaaaa,2129.2150376,0.00104541562569,10.9120879121,0.173686118557
ABarp->Ca,14731.8830586,0.00081634160294,4.52747252747,0.151106614748
Da->Z2,6123.09993876,0.00123591706645,8.58241758242,0.213642986221
ABaraappa->ABaraapap,2338.28016267,0.0335756634833,28.7472527473,0.132529638671
ABalpppppp->ABplaappaa,1282.32889481,0.070225713842,14.9120879121,0.104074725943
ABalpppppp->ABplaappap,1335.20309989,0.594826781877,14.7692307692,0.110936469613
Cpappd->ABprapappp,1648.37937035,0.194432418377,12.3406593407,0.135412572533
ABpraapp->ABprapap,2416.05358367,0.795535685615,16.2637362637,0.102492963149
ABprapaap->ABarppppa,2981.61041616,0.484838599649,33.9340659341,0.179962522996
ABplpp->Cap,10086.0015408,0.000931225345816,6.12087912088,0.159539503398
ABprppppa->ABprppaap,1287.40376861,0.37707383152,16.6593406593,0.0891730564919
Eala->MSaaapp,2256.7141827,3.03906622122e-05,27.2747252747,0.132671877126
ABarappa->ABprpaaa,2202.25892501,0.505171369104,13.9120879121,0.0997057202363
ABarappa->ABpraapa,2171.29870767,0.409462562162,9.96703296703,0.094102620493
ABplppp->Epl,4357.14019578,0.024728455472,13.8571428571,0.105722542686
ABaraapapp->MSaaapap,1187.57404853,0.0856614656917,12.3076923077,0.099492041681
ABprpap->ABprppa,3845.55846795,0.0194315668718,17.5164835165,0.0919448078479
ABprpap->Epr,3776.46906691,0.890324570271,12.0769230769,0.0980789381225
ABprpap->ABprppp,6178.89482704,0.373796052732,18.7252747253,0.140698255552
ABalpapap->ABalpappap,1976.67521379,0.309304570148,5.48351648352,0.122031540643
ABpraap->MSppa,4638.90411017,0.00882664998497,9.96703296703,0.110817314992
ABarappppa->ABarapppap,1460.77716266,0.0186283495795,14.5714285714,0.120282782869
ABprpaaaa->ABarapppa,2226.438669,0.0115959197594,29.6813186813,0.126743147136
ABpraaapa->ABpraapaa,1959.1031601,0.73809394941,24.967032967,0.128662233078
ABplppppaa->ABplpapapp,1989.20112462,0.132687386447,15.7252747253,0.156282170181
MSpapa->MSpaap,3803.97095727,0.86505694291,20.2637362637,0.148861242587
Dapp->Daap,1099.26312862,0.0477248337464,14.1758241758,0.0990482016943
E->C,11113.787661,0.162576515655,8.35164835165,0.089283196935
ABalppappp->ABplpaaaap,1029.91109185,0.509093897952,13.0769230769,0.090186360767
MSppp->MSpapp,4723.44128022,0.855641598118,2.64835164835,0.162081950356
ABprpaapa->ABpraappa,1598.86376548,0.33590727563,23.4285714286,0.1013078154
Cpppp->Cppap,2993.83273523,0.142809390118,33.6153846154,0.182765255735
ABarpppapp->ABarppppap,2286.72738478,0.302290483792,8.32967032967,0.191035615601
MSap->ABplpap,7236.70334063,0.667785008517,7.54945054945,0.156219617889
MSap->ABalppp,7612.30233543,0.489563227218,7.64835164835,0.163177304292
Epra->Dppa,1806.00710773,0.413642340474,16.6153846154,0.128215724209
ABplaaaaap->ABplaaaapa,1977.56978811,0.0152247774564,13.4175824176,0.158213729218
ABplaaaaap->ABplaapaap,1182.41761679,0.133412781872,11.5714285714,0.099304532578
Epra->MSppppp,1306.32590554,0.773022745392,14.1428571429,0.10832396682
ABplppapa->Daaa,1267.37817783,0.193705805635,9.01098901099,0.0875578286498
Epla->Dap,1529.68165254,0.716674063044,9.3956043956,0.121263187114
Cppap->Cpppap,1535.85657509,0.122617828234,7.54945054945,0.128779042616
ABaraaapap->ABarapaaaa,1226.57387686,0.689308852576,8.93406593407,0.107332711401
ABprpapaa->ABarapppp,1681.6210065,0.179407614426,24.3516483516,0.10422031518
ABprpapaa->ABarappap,2206.71505741,0.351182184559,29.5824175824,0.127648895964
ABalppappa->ABalppapap,1730.67971642,0.00660090108088,15.6483516484,0.137345548357
ABprpappa->ABarappap,1524.68211882,0.144956249759,15.7802197802,0.103716283037
ABarpaapap->ABplaaaapp,2309.9634695,0.164249811199,14.8681318681,0.183304994396
ABplapp->ABplppa,5219.46199171,0.00694132742601,16.3186813187,0.12754528249
ABplapp->ABplpaa,4885.48795767,0.00109864383346,17.8791208791,0.11129607718
ABplppaaa->ABplpaaapp,1936.24025645,0.877989674229,10.4065934066,0.145448897619
ABaraaa->ABalaaa,4626.57567016,0.350211122191,18.7032967033,0.10757004308
ABaraaaap->ABaraapaaa,1249.97839412,0.0960743101879,12.6593406593,0.0990184646037
Eal->MSapp,3339.48201407,0.181461423386,16.5384615385,0.0983370642139
Epla->Z2,1985.47931303,0.339292456939,38.043956044,0.12201410487
ABaraaaa->ABaraaapa,3174.90773485,0.704659883942,6.02197802198,0.148368840955
ABplapaaap->ABplapaapa,2636.84878884,0.336649753148,11.7912087912,0.214023386719
ABaraapa->MSaaaa,3153.38737116,0.930796764241,16.8131868132,0.117513411769
ABpraapp->ABprapaa,3859.14336475,0.919549660878,22.7472527473,0.134932403727
